部屋主,取得日,順番,曲名（ファイル名）,作品名,歌手名,歌った人,コメント
冨塚部屋,2026/05/04,96,Strange Lover,無責任艦長タイラー IN,笠原弘子,富居精市,
冨塚部屋,2026/05/04,95,ライフ イズ ビューティフル,FARMAGIA Op,ASIAN KUNG-FU GENERATION,芝ちゃん,
冨塚部屋,2026/05/04,94,-Little Wish ～lyrical step～【配信】,魔法少女リリカルなのは ED,田村ゆかり,ヒロ,
冨塚部屋,2026/05/04,93,オン・ザ・フロントライン,無職転生II～異世界行ったら本気だす～ OP2,ヒトリエ,SRK,
冨塚部屋,2026/05/04,92,Twinkle Talk,七つの海のティコ ED,篠塚満由美,富居精市,
冨塚部屋,2026/05/04,91,迷宮バタフライ,しゅごキャラ! IN,水樹奈々,芝ちゃん,
冨塚部屋,2026/05/04,90,こころのたまご,しゅごキャラ! OP 1,Buono!,ヒロ,
冨塚部屋,2026/05/04,89,ココアと苦いチョコレート,秘密の天地無用! ED,折笠愛・高田由美,富居精市,
冨塚部屋,2026/05/04,88,My Way【パート分け無し】,グリーングリーン2 恋のスペシャルサマー ED,URAN,芝ちゃん,
冨塚部屋,2026/05/04,87,秘密の扉から会いにきて,のうりん OP,田村ゆかり,ヒロ,
冨塚部屋,2026/05/04,86,Twinkle Star Nights【DUOP]】,ティンクルスターナイツ OP 1周年,fripSide,SRK,
芝ちゃん部屋,2026/05/04,86,Get No Satisfied!【パート分け有】,ワンパンマン(第3期) OP,"JAM Project,BABYMETAL",芝ちゃん,
冨塚部屋,2026/05/04,85,絆創膏,ブサメンガチファイター Ed,金子みゆ,芝ちゃん,
芝ちゃん部屋,2026/05/04,85,【LIAR GAME ライアーゲーム】「あぶく」[Op][ヨルシカ][アニメ][悠季](On-Off),,,ゆーき,
冨塚部屋,2026/05/04,84,フローネの夢,家族ロビンソン漂流記 ふしぎな島のフローネ ED,潘恵子,富居精市,
naoo部屋,2026/05/04,84,君が灯してくれた光を今,29歳独身中堅冒険者の日常 OP,"HoneyWorks,Hanon",naoo,
芝ちゃん部屋,2026/05/04,84,GO!!!,NARUTO-ナルト- OP 4,FLOW,Kei,
冨塚部屋,2026/05/04,83,ハイスクール [ANIME SIDE] -Bootleg-,覆面系ノイズ,in NO hurry to shout; feat.高垣彩陽,ヒロ,
naoo部屋,2026/05/04,83,ideal,LAMUNATION!-ラムネーション!- IN,あひる,レイフ,
芝ちゃん部屋,2026/05/04,83,【自動販売機に生まれ変わった俺は迷宮を彷徨う】「ジハンキズム上げ直し」[Op][ビバラッシュ][アニメ][悠季](On-Off),,,サイバードラゴン,すごい難しいので練習中
冨塚部屋,2026/05/04,82,ファタール【DUO][PV]】,【推しの子】 OP2,GEMN,SRK,
naoo部屋,2026/05/04,82,ハートにヒント!名探偵プリキュア!【Ver2】,名探偵プリキュア! OP,石井あみ,cp,
芝ちゃん部屋,2026/05/04,82,世界にひとつのギフト【※18禁映像】,大きい女の子は好きですか? Ed,中恵光城,芝ちゃん,
冨塚部屋,2026/05/04,81,I AM STANDING,3月のライオン Ed,RUANN,芝ちゃん,
naoo部屋,2026/05/04,81,from the edge,鬼滅の刃 ED,FictionJunction feat. LiSA,ジョージ,
芝ちゃん部屋,2026/05/04,81,【幼馴染とはラブコメにならない】「あいらびゅ♡(パート分け)修正版」[Op][HoneyWorks][アニメ][悠季](On-Off),,,ゆーき,
冨塚部屋,2026/05/04,80,ダイアリー,SANDA Ed,崎山蒼志,芝ちゃん,
naoo部屋,2026/05/04,80,ヒトリゴト,ポンコツ風紀委員とスカート丈が不適切なJKの話 OP,osage,naoo,
芝ちゃん部屋,2026/05/04,80,SWORD SUMMIT,戦国BASARA弐,T.M.Revolution,Kei,
冨塚部屋,2026/05/04,79,Spiral,アスラクライン OP,angela,ヒロ,
naoo部屋,2026/05/04,79,【転生したらスライムだった件 4th Season OP】 絵空事(cut&コーラス入-on) ／ 藍井エイル_1223,,,レイフ,
芝ちゃん部屋,2026/05/04,79,MONSTER,ようこそ実力至上主義の教室へ 4th Season 2年生編1学期 OP,藍井エイル,サイバードラゴン,
冨塚部屋,2026/05/04,78,Get No Satisfied!【パート分け有】,ワンパンマン(第3期) OP,"JAM Project,BABYMETAL",芝ちゃん,
けんちぃ部屋,2026/05/04,78,ライアーヴェール,ようこそ実力至上主義の教室へ 4th Season 2年生編1学期 ED,ZAQ,ゆに,
黒河部屋,2026/05/04,78,Unraveling love～少しの勇気～,名探偵コナン OP58,倉木麻衣,黒河,
naoo部屋,2026/05/04,78,crossing field,ソードアート・オンライン OP,LiSA,cp,
芝ちゃん部屋,2026/05/04,78,恋はプリズム【パート分け有り※プレミアム版】,イチゴ哀歌～雑で生イキな妹と割り切れない兄～ Tm,あかしゆきと乙倉ゅい,芝ちゃん,
冨塚部屋,2026/05/04,77,飛龍乗雲,戦国†恋姫EX OP,Poston.,SRK,
けんちぃ部屋,2026/05/04,77,【忠臣蔵46+1】 ADABANA -仇華-(cut&コーラス入-on) ／ Duca【ニコカラ動画】,-,,けんちぃ,
黒河部屋,2026/05/04,77,ラブサーチライト,名探偵コナン 異次元の狙撃手(スナイパー) 劇場版第18弾,柴咲コウ,雪兎,
naoo部屋,2026/05/04,77,I will...,ソードアート・オンライン アリシゼーション War of Underworld ED,藍井エイル,ジョージ,
芝ちゃん部屋,2026/05/04,77,【また殺されてしまったのですね、探偵様】「リリテアの歌(修正)」[Ed][リリテア(CV若山詩音)][アニメ][悠季](On-Off),,,ゆーき,
冨塚部屋,2026/05/04,76,Link,アスラクライン ED,angela,富居精市,
けんちぃ部屋,2026/05/04,76,HOLLOW HUNGER,オーバーロードIV OP,OxT,遊び人レベル世界3位,
黒河部屋,2026/05/04,76,Destin Histoire,GOSICK OP,yoshiki*lisa,タカヒロ,
naoo部屋,2026/05/04,76,流星,ソードアート・オンライン オルタナティブ ガンゲイル・オンライン OP,藍井エイル,naoo,
芝ちゃん部屋,2026/05/04,76,Butter-Fly,デジモンアドベンチャー ぼくらのウォーゲーム! OP,和田光司,Kei,
冨塚部屋,2026/05/04,75,Fantastic future,変態王子と笑わない猫。 OP,田村ゆかり,ヒロ,
けんちぃ部屋,2026/05/04,75,MONSTER,ようこそ実力至上主義の教室へ 4th Season 2年生編1学期 OP,藍井エイル,ゆに,
黒河部屋,2026/05/04,75,Everlasting Luv,名探偵コナン OP26,BREAKERZ,ヒロ,
naoo部屋,2026/05/04,75,Re:TrymenT,Re:LieF ～親愛なるあなたへ～ OP,紫咲ほたる,レイフ,
芝ちゃん部屋,2026/05/04,75,BELIEVERS,杖と剣のウィストリア Season 2 OP,ASH DA HERO,サイバードラゴン,
冨塚部屋,2026/05/04,74,Star Trail,GINKA OP,長谷川育美,SRK,
けんちぃ部屋,2026/05/04,74,ポップ・スナック・ジャンクなHUNNY,カナン様はあくまでチョロい ED,あおぎり高校,けんちぃ,
黒河部屋,2026/05/04,74,幾千の迷宮で 幾千の謎を解いて,名探偵コナン OP44,BREAKERZ,黒河,
naoo部屋,2026/05/04,74,キミとルララ【パート分け】,キミとアイドルプリキュア♪ ED2,松岡美里,cp,
芝ちゃん部屋,2026/05/04,74,マイターン,シャドウバースFLAME Ed,黒羽アリス(CV小倉唯),芝ちゃん,
冨塚部屋,2026/05/04,73,YOU GET TO BURNING,機動戦艦ナデシコ OP 1,松澤由実,富居精市,
けんちぃ部屋,2026/05/04,73,Scarlet Ballet,緋弾のアリア OP,May'n,遊び人レベル世界3位,
黒河部屋,2026/05/04,73,世界はあなたの色になる,名探偵コナン 純黒の悪夢(ナイトメア) 劇場版第20弾,B'z,雪兎,
naoo部屋,2026/05/04,73,アイリス,ソードアート・オンライン アリシゼーション ED,藍井エイル,ジョージ,
芝ちゃん部屋,2026/05/04,73,【よわよわ先生】「(パート分け)よわよわ つよつよ みにみに こわこわ」[Ed][鶸村ひより 椋林瑞希 雪下祐樹][アニメ][悠季](On-Off),,,ゆーき,
冨塚部屋,2026/05/04,72,絶対零度,WIND BREAKER OP,なとり,芝ちゃん,
けんちぃ部屋,2026/05/04,72,Radiant【パチンコ・パチスロ搭載曲 パート分け】,eリコリス・リコイル,ClariS,ゆに,
黒河部屋,2026/05/04,72,SUMMER TIME GONE【ニコニコ動画使用】,名探偵コナン OP29,倉木麻衣,ヒロ,
naoo部屋,2026/05/04,72,シルベキコト,姫騎士は蛮族の嫁 ED,sajou no hana,naoo,本ターンよろしくお願いします
芝ちゃん部屋,2026/05/04,72,DAN DAN心魅かれてく【最終回バージョン】,DRAGON BALL GT OP,FIELD OF VIEW,Kei,
冨塚部屋,2026/05/04,71,0700_ショコラに夢中(OnV),,,ヒロ,
けんちぃ部屋,2026/05/04,71,零-zero【-】,スノウボールアース OP,tuki.,けんちぃ,
黒河部屋,2026/05/04,71,グロリアス マインド,名探偵コナン OP21,ZARD,黒河,
naoo部屋,2026/05/04,71,Savage,大賢者リドルの時間逆行 ED,亜咲花,レイフ,よろしくお願いします
芝ちゃん部屋,2026/05/04,71,飛ぶ時,黄泉のツガイ OP,Vaundy,サイバードラゴン,
冨塚部屋,2026/05/04,70,天命,双天†恋姫 -至源の王- OP,AiRI,SRK,
けんちぃ部屋,2026/05/04,70,愛のメディスン,ナースウィッチ小麦ちゃんマジカルて OP 1,桃井はるこ,遊び人レベル世界3位,
黒河部屋,2026/05/04,70,永遠の不在証明,名探偵コナン 緋色の弾丸 劇場版 第24弾,東京事変,雪兎,
naoo部屋,2026/05/04,70,POP IN 2【《Ver2.1》パート分け有り】,【推しの子】 IN,B小町,cp,
芝ちゃん部屋,2026/05/04,70,部屋移動の時間です。,,,システム,
冨塚部屋,2026/05/04,69,DASH,ふしぎ遊戯 IN,佐藤朱美,富居精市,
けんちぃ部屋,2026/05/04,69,もーいーかい?,最強の職業は勇者でも賢者でもなく鑑定士(仮)らしいですよ? ED,ファントムシータ,ゆに,
黒河部屋,2026/05/04,69,遥か、日常の中で,キューティクル探偵因幡 OP,諏訪部順一,タカヒロ,
naoo部屋,2026/05/04,69,CAT'S EYE【2025版 ED】,キャッツ・アイ,Ado,ジョージ,
芝ちゃん部屋,2026/05/04,69,TIME WILL SHINE,D.C.II～ダ・カーポII～ IN,Alchemy+,レイフ,
冨塚部屋,2026/05/04,68,愛故,百千さん家のあやかし王子 Ed,むト,芝ちゃん,
けんちぃ部屋,2026/05/04,68,私へ,物語シリーズ イメージソング,supercell,けんちぃ,
黒河部屋,2026/05/04,68,Revive,名探偵コナン OP25,倉木麻衣,ヒロ,
naoo部屋,2026/05/04,68,閃光【《アニメ映像》】,機動戦士ガンダム 閃光のハサウェイ ED 1,[Alexandros],シュウ,
芝ちゃん部屋,2026/05/04,68,ヒーリングっど♥プリキュアTouch,ヒーリングっど♥プリキュア OP,北川理恵,ジョージ,
冨塚部屋,2026/05/04,67,ぷらねっと☆ばーすと【加古さんリクエスト曲】,俺の妹がこんなに可愛いわけがない。 挿入歌,メルル(CV田村ゆかり),ヒロ,
けんちぃ部屋,2026/05/04,67,【霧尾ファンクラブ】 [OP] FANCLUB ／ Skirt & ODD Foot Works ※パート分け無し暫定 bb311 (On-Off),-,,ブルーベリー,おつかれさまでした
黒河部屋,2026/05/04,67,愛は暗闇の中で,名探偵コナン OP22,ZARD,黒河,
naoo部屋,2026/05/04,67,雨上がりのミライ,探偵オペラ ミルキィホームズ,ミルキィホームズ,naoo,
芝ちゃん部屋,2026/05/04,67,暁に咲く詩,D.C.S.S.～ダ・カーポ セカンドシーズン～ ED,CooRie,芝ちゃん,
冨塚部屋,2026/05/04,66,ROCK ME KISS ME feat. MOTSU【DUOP][PV]】,MFゴースト OP,芹澤優,SRK,
けんちぃ部屋,2026/05/04,66,12-23102(七人のナナ)New Frontier[CS]【水樹奈々】,-,,遊び人レベル世界3位,
黒河部屋,2026/05/04,66,Time after time～花舞う街で～,名探偵コナン 迷宮の十字路(クロスロード) 劇場版第7弾,倉木麻衣,雪兎,
naoo部屋,2026/05/04,66,adrenaline!!!【LIVE映像】,エロマンガ先生 ED,TrySail,遊び人レベル世界3位,
芝ちゃん部屋,2026/05/04,66,レンブラントの光,D.C.II To You ～ダ・カーポ II～トゥーユー Side Episodes OP,yozuca,レイフ,
冨塚部屋,2026/05/04,65,旅立ち,Tales of Eternia THE ANIMATION IM,保志総一朗,富居精市,
けんちぃ部屋,2026/05/04,65,204号室,彼女、お借りします 第5期 ED,なきごと,ゆに,
黒河部屋,2026/05/04,65,みえないストーリー,探偵学園Q ED3,岸本早未,タカヒロ,
naoo部屋,2026/05/04,65,Changing point,魔法少女サイト OP,i☆Ris,サイバードラゴン,
芝ちゃん部屋,2026/05/04,65,勇者王誕生!-究極神話ヴァージョン-,勇者王ガオガイガーFINAL OP 2,遠藤正明,ジョージ,
冨塚部屋,2026/05/04,64,because,最弱テイマーはゴミ拾いの旅を始めました。 Ed,丁,芝ちゃん,
けんちぃ部屋,2026/05/04,64,【左ききのエレン OP】 FUNKIN' BEAUTIFUL(cut&コーラス入-off-on) ／ ALI feat.ZORN_1215,-,,けんちぃ,歌えるかな
黒河部屋,2026/05/04,64,Dream×Dream,[劇場版]名探偵コナン 銀翼の奇術師 ED,愛内里菜,ヒロ,
naoo部屋,2026/05/04,64,せーの_情報処理部 _ゆゆ式_(2ch)_パート分け_bb058,せ,,シュウ,
芝ちゃん部屋,2026/05/04,64,存在,D.C.～ダ・カーポ～ ED2,CooRie,芝ちゃん,
冨塚部屋,2026/05/04,63,Purple sights,竜世紀・魔章 R.C.297 ルリシア TM,辛島美登里,富居精市,
けんちぃ部屋,2026/05/04,63,【キルアオ】 [OP] ATTITUDE ／ aespa ※漫画MVもちょいプラス　bb309 (On-Off),-,,ブルーベリー,
黒河部屋,2026/05/04,63,SPARKLE,名探偵コナン OP56,大黒摩季,黒河,
naoo部屋,2026/05/04,63,燦々デイズ,その着せ替え人形は恋をする OP,スピラ・スピカ,naoo,
芝ちゃん部屋,2026/05/04,63,shiny steps!!【DUO】,D.C.III～ダ・カーポIII～ IN,"三森すずこ,寺川愛美",レイフ,
冨塚部屋,2026/05/04,62,夢にエール!パティシエール♪,夢色パティシエール,,ヒロ,
けんちぃ部屋,2026/05/04,62,BOY MEETS GIRL(DA! DA! DA! REMIX),だぁ!だぁ!だぁ! ED,TRF,遊び人レベル世界3位,
黒河部屋,2026/05/04,62,夢みたあとで,名探偵コナン,GARNET CROW,ゆーき,ラストはガネクロで
naoo部屋,2026/05/04,62,純心,怪盗セイント・テール ED 1,井上昌己,遊び人レベル世界3位,
芝ちゃん部屋,2026/05/04,62,心絵,メジャー OP,ロードオブメジャー,ジョージ,
冨塚部屋,2026/05/04,61,あっちゃこっちゃゲーム,アイドルタイム プリパラ In,虹色にの(CV大地葉),芝ちゃん,
けんちぃ部屋,2026/05/04,61,ノンシナリオ・エチュード,彼女、お借りします 第5期 OP,雨宮天,ゆに,
黒河部屋,2026/05/04,61,2人,金田一少年の事件簿 Ed,ともさかりえ,タカヒロ,
naoo部屋,2026/05/04,61,はじまりのセツナ【ver2】,明日ちゃんのセーラー服 OP,蠟梅学園中等部1年3組,サイバードラゴン,
冨塚部屋,2026/05/04,60,そんな僕らの冒険譚!【DUO3][PV]】,外れスキル《木の実マスター》 ED,TrySail,SRK,
けんちぃ部屋,2026/05/04,60,non stop=lucky days,パチスロ めぞん一刻2 挿入歌,宮崎繭奈,けんちぃ,
黒河部屋,2026/05/04,60,START,カードファイト!! ヴァンガード overDress OP 2,すとぷり,ヒロ,
naoo部屋,2026/05/04,60,Eternal Love 2006,GALAXY ANGEL Ⅱ 絶対領域の扉,,シュウ,
芝ちゃん部屋,2026/05/04,60,ダ・カーポ5 ～メグリメグル世界～【耳コピ】,D.C.5 ～ダ・カーポ5～ OP,yozuca*,レイフ,
冨塚部屋,2026/05/04,59,久遠,鋼鉄三国志 ED,宮野真守,富居精市,
黒河部屋,2026/05/04,59,迷宮のラヴァーズ,名探偵コナン ED2,heath,黒河,
naoo部屋,2026/05/04,59,Special Life!,仮面のメイドガイ,,naoo,
芝ちゃん部屋,2026/05/04,59,未確認飛行船,デジモンアドベンチャー: OP,谷本貴義,ジョージ,
冨塚部屋,2026/05/04,58,めてお☆いんぱくと【加古さんリクエスト曲】,俺の妹がこんなに可愛いわけがない。 挿入歌,田村ゆかり,ヒロ,
けんちぃ部屋,2026/05/04,58,逆様,氷の城壁 ED,ポルカドットスティングレイ,ゆに,
黒河部屋,2026/05/04,58,相思相愛,名探偵コナン 100万ドルの五稜星 劇場版第27弾,aiko,雪兎,
naoo部屋,2026/05/04,58,ギャラクシー☆ばばんがBang!,ギャラクシーエンジェルA OP 1,エンジェル隊,遊び人レベル世界3位,
芝ちゃん部屋,2026/05/04,58,消えないで…,D.C.II S.S. ～ダ・カーポII セカンドシーズン～ Ed,yozuca,芝ちゃん,
冨塚部屋,2026/05/04,57,鬼灯,百千さん家のあやかし王子 Op,神山羊,芝ちゃん,
芝ちゃん部屋,2026/05/04,57,Especially,D.C.II～ダ・カーポII～ IN,橋本みゆき,レイフ,
けんちぃ部屋,2026/05/04,57,業魂REQUIEMER,ゴーストコンサート:missing Songs OP,相葉芹亜(CV.藤寺美徳),和穂,もう一回〜！
黒河部屋,2026/05/04,57,【また殺されてしまったのですね、探偵様】「スターダスト・エウレカ」[Op][多次元制御機構よだか][アニメ][悠季](On-Off),,,ゆーき,一回今期挟みます！
naoo部屋,2026/05/04,57,二つの道,最強の王様、二度目の人生は何をする? Season 2 ED,22/7,サイバードラゴン,
冨塚部屋,2026/05/04,56,MIND EDUCATION[Short Version],新機動戦記ガンダムW BLIND TARGET OP,Misty Eyes,富居精市,
naoo部屋,2026/05/04,56,星座になれたら,ぼっち・ざ・ろっく! IN 08話,"結束バンド,長谷川育美",シュウ,
芝ちゃん部屋,2026/05/04,56,Proud of oneself,BanG Dream! Episode of Roselia OP,Roselia,ジョージ,
けんちぃ部屋,2026/05/04,56,BROKEN IDENTITY,勇者、辞めます OP,鈴木みのり,けんちぃ,
黒河部屋,2026/05/04,56,Mysterious night,金田一少年の事件簿 ED3,R-ORANGE,タカヒロ,
冨塚部屋,2026/05/04,55,咲き薫るもの【DUO3]】,あいりすミスティリア! OP3,Airots,SRK,
naoo部屋,2026/05/04,55,Wish me luck!!!!(パート分け)【ver2】,はるかなレシーブ,大空遥(優木かな)、比嘉かなた(宮下早紀)、トーマス・紅愛(種﨑敦美)、トーマス・恵美理(末柄里恵),naoo,
芝ちゃん部屋,2026/05/04,55,サクライロノキセツ,D.C.S.S.～ダ・カーポ セカンドシーズン～ OP,yozuca,芝ちゃん,
けんちぃ部屋,2026/05/04,55,サムライハート (Some Like It Hot!!),銀魂ED,SPYAIR,Kei,
黒河部屋,2026/05/04,55,everlasting,名探偵コナン ベイカー街(ストリート)の亡霊 劇場版第6弾,B'z,ヒロ,
冨塚部屋,2026/05/04,54,じゃんけんほい!,絆のアリル Ed,#kzn,芝ちゃん,
naoo部屋,2026/05/04,54,ぼなぺてぃーと♥S【パート分け】,ブレンド・S,ブレンド・A(和氣あず未・鬼頭明里・春野杏),遊び人レベル世界3位,
芝ちゃん部屋,2026/05/04,54,サクラキミニエム,D.C.II～ダ・カーポII～ OP,yozuca*,レイフ,
けんちぃ部屋,2026/05/04,54,【春夏秋冬代行者 春の舞】「花筏 feat.夏背(本編3話～4話)」[Ed][Orangestar][アニメ][悠季](On-Off),-,,ゆに,
黒河部屋,2026/05/04,54,RAIZE INSIGHT,名探偵コナン OP56,WANDS,黒河,
冨塚部屋,2026/05/04,53,ピカピカの太陽,学園アリス OP,植田佳奈,ヒロ,
naoo部屋,2026/05/04,53,It's a beautiful story,異世界のんびり農家2 OP,"ルールーシー=ルー(CV:下地紫野),ティア(CV:洲崎綾)",サイバードラゴン,パート入れる方いたらお願いします
芝ちゃん部屋,2026/05/04,53,BRAND NEW STORY,金田一少年の事件簿R OP1,東京パフォーマンスドール,ジョージ,
けんちぃ部屋,2026/05/04,53,暁の車,機動戦士ガンダムSEED IN,FictionJunction YUUKA,和穂,
黒河部屋,2026/05/04,53,星合【パート分け】,名探偵コナン ED62,all at once,雪兎,ヒロさん、先行を雪兎が歌います。相方の方をお願いしますm(_ _)m >> 承知しましたm(_ _)m by ヒロ
冨塚部屋,2026/05/04,52,BRAVE EYES,新機動戦記ガンダムW BLIND TARGET IM,折笠愛,富居精市,
naoo部屋,2026/05/04,52,PS2ゲーム_テイルズ オブ ジ アビス 主題歌_カルマ_BUMP OF CHICKEN_2CH_画質UP版,,,シュウ,
芝ちゃん部屋,2026/05/04,52,サクラアマネクセカイ,D.C.II S.S.～ダ・カーポII セカンドシーズン～ OP,yozuca*,芝ちゃん,
けんちぃ部屋,2026/05/04,52,去り際のロマンティクス【_Ver2】,機動戦士ガンダムSEED FREEDOM ED,See-Saw,けんちぃ,
黒河部屋,2026/05/04,52,氷の上に立つように キー変更：-3,名探偵コナン ED6,小松未歩,ゆーき,これは、、見てない気がする、、
冨塚部屋,2026/05/04,51,Pray Pray Pray【DUO3]】,甘神さんちの縁結び OP2,甘神三姉妹,SRK,
naoo部屋,2026/05/04,51,部屋とガラクタと私【第2話まで】,ポンコツ風紀委員とスカート丈が不適切なJKの話 ED,ミーマイナー,naoo,本ターンよろしくお願いします
芝ちゃん部屋,2026/05/04,51,あさきゆめみし君と,D.C.II ～ダ・カーポII～プラスシチュエーション,yozuca,レイフ,よろしくお願いします
けんちぃ部屋,2026/05/04,51,INVOKE-インヴォーク-,機動戦士ガンダムSEED IN,T.M.Revolution,Kei,
黒河部屋,2026/05/04,51,Justice,金田一少年の事件簿 OP5,TWO-MIX,タカヒロ,
冨塚部屋,2026/05/04,50,Way to go,神達に拾われた男2 Op,MindaRyn,芝ちゃん,
naoo部屋,2026/05/04,50,【異世界のんびり農家】[OP]Flower Ring／ルールーシー＝ルー(CV下地紫野)ティア(CV洲崎 綾)〔ON-OFF〕,,,遊び人レベル世界3位,
芝ちゃん部屋,2026/05/04,50,トーキョーズ・ウェイ!,マッシュル-MASHLE-(第2期) ED,私立恵比寿中学,ジョージ,
けんちぃ部屋,2026/05/04,50,Petals,春夏秋冬代行者 春の舞 OP,"Orangestar,夏背",ゆに,
黒河部屋,2026/05/04,50,always,名探偵コナン 天国へのカウントダウン ED,倉木麻衣,ヒロ,
冨塚部屋,2026/05/04,49,おしえて A to Z,お,,ヒロ,
黒河部屋,2026/05/04,49,衝動,名探偵コナン OP17,B'z,黒河,
naoo部屋,2026/05/04,49,MONSTER,ようこそ実力至上主義の教室へ 4th Season 2年生編1学期 OP,藍井エイル,サイバードラゴン,まだ練習中
芝ちゃん部屋,2026/05/04,49,部屋移動の時間です。,,,システム,
けんちぃ部屋,2026/05/04,49,LET IT OUT,鋼の錬金術師 FULLMETAL ALCHEMIST ED 2,福原美穂,和穂,
冨塚部屋,2026/05/04,48,It's so all right!,新機動戦記ガンダムW BLIND TARGET IM,関俊彦,富居精市,
黒河部屋,2026/05/04,48,きみと恋のままで終われない いつも夢のままじゃいられない,名探偵コナン ED59,倉木麻衣,雪兎,
naoo部屋,2026/05/04,48,Butter-Fly,デジモンアドベンチャー OP,和田光司,Kei,
芝ちゃん部屋,2026/05/04,48,【メダリスト】BOW AND ARROW／米津玄師 (on-off) ※bb180,,,シュウ,
けんちぃ部屋,2026/05/04,48,[ブラーチャ／ 鋼の錬金術師] 鋼の錬金術師 挿入歌　(cut&コーラス入-on),-,,けんちぃ,
冨塚部屋,2026/05/04,47,泣いていいんだ,柚木さんちの四兄弟。 Op,flumpool,芝ちゃん,
黒河部屋,2026/05/04,47,アイのシナリオ キー変更：-4,まじっく快斗1412,CHiCO with HoneyWorks,ゆーき,
naoo部屋,2026/05/04,47,言伝 キー変更：-1,違国日記 ED,Bialystocks,ゆに,
芝ちゃん部屋,2026/05/04,47,SAKURAスキップ【パート分け】,NEW GAME! OP 1,fourfolium,遊び人レベル世界3位,
けんちぃ部屋,2026/05/04,47,ゴールデンタイムラバー,鋼の錬金術師 FULLMETAL ALCHEMIST OP 3,スキマスイッチ,Kei,
冨塚部屋,2026/05/04,46,青と親友,ホーリーアンデッド ED,長谷川育美,SRK,
黒河部屋,2026/05/04,46,CONFUSED MEMORIES,金田一少年の事件簿 OP1,円谷憂子,タカヒロ,
けんちぃ部屋,2026/05/04,46,コンパスは透明,最強の職業は勇者でも賢者でもなく鑑定士(仮)らしいですよ? OP,緑仙,ゆに,
naoo部屋,2026/05/04,46,lulu,葬送のフリーレン(2期) OP,Mrs.GREEN APPLE,ジョージ,
芝ちゃん部屋,2026/05/04,46,Bのリベンジ【アニメ映像ver2.0・3期6話まで・パート分け有り】,【推しの子】 IN,B小町,cp,
冨塚部屋,2026/05/04,45,Oasis,聖刻覇伝(ワースジード)ラシュオーンの嵐 ED,三重野瞳,富居精市,
黒河部屋,2026/05/04,45,あなたがいるから,名探偵コナン 瞳の中の暗殺者 劇場版第4弾,小松未歩,ヒロ,
けんちぃ部屋,2026/05/04,45,輝く空の静寂には,黒執事II,Kalafina,和穂,
naoo部屋,2026/05/04,45,【違国日記】 [OP] ソナーレ／TOMOO bb249 (On-Off),,,和穂,
芝ちゃん部屋,2026/05/04,45,何なんですか?,『女神「異世界転生何になりたいですか」 俺「勇者の肋骨で」,shallm,芝ちゃん,
冨塚部屋,2026/05/04,44,やさしい希望,赤髪の白雪姫 OP 1,早見沙織,ヒロ,
黒河部屋,2026/05/04,44,ギリギリchop,名探偵コナン OP6,B'z,黒河,
けんちぃ部屋,2026/05/04,44,【CR めぞん一刻 挿入歌】 アンブレラ ／ ichiko_けんちぃ_992,-,,けんちぃ,昨日作成したやつ
naoo部屋,2026/05/04,44,DIRTY,魔人探偵脳噛ネウロ,ナイトメア,naoo,
芝ちゃん部屋,2026/05/04,44,【本好きの下剋上 領主の養女】 [ED] 今も、ありがとう／生田絵梨花 ※bb296 (On-Off),,,ブルーベリー,
冨塚部屋,2026/05/04,43,春日影 (MyGO!!!!! ver.),BanG Dream! It's MyGO!!!!! In,MyGO!!!!!,芝ちゃん,
黒河部屋,2026/05/04,43,薔薇色の人生,名探偵コナン OP49,倉木麻衣,雪兎,
けんちぃ部屋,2026/05/04,43,モノクロのキス,黒執事 OP,シド,Kei,
naoo部屋,2026/05/04,43,曇天,銀魂,,Kei,
芝ちゃん部屋,2026/05/04,43,忘れてやらない,ぼっち・ざ・ろっく! IN 12話,"結束バンド,長谷川育美",シュウ,
冨塚部屋,2026/05/04,42,スキキライも追い越して -4人ver.-【DUO4]】,クラスの大嫌いな女子と結婚することになった。 ED2,"桜森朱音(CV:矢野妃菜喜),石倉陽鞠(CV:鈴代紗弓),北条糸青(CV:稗田寧々),桜森真帆(CV:前田佳織里)",SRK,
黒河部屋,2026/05/04,42,As the Dew【ニコニコ動画使用】,名探偵コナン OP28,GARNET CROW,ゆーき,よろしくお願いします！
けんちぃ部屋,2026/05/04,42,Magic,自称悪役令嬢な婚約者の観察記録。 ED,RLOEVO,ゆに,
naoo部屋,2026/05/04,42,blue hour,淡島百景 OP,Hana Hope,ゆに,
芝ちゃん部屋,2026/05/04,42,アンビバレント,薬屋のひとりごと OP 2,Uru,遊び人レベル世界3位,
冨塚部屋,2026/05/04,41,未知への扉,聖刻覇伝(ワースジード)ラシュオーンの嵐 OP,三重野瞳,富居精市,
黒河部屋,2026/05/04,41,Why?(FUNKY VESION),金田一少年の事件簿 OP6,COLOR,タカヒロ,
けんちぃ部屋,2026/05/04,41,DEAD OR LOVE,逃がした魚は大きかったが釣りあげた魚が大きすぎた件 ED,吉乃,和穂,もい一回！
naoo部屋,2026/05/04,41,究極の聖戦 (バトル),DRAGON BALL SUPER(超),串田アキラ,ジョージ,
芝ちゃん部屋,2026/05/04,41,悲しい予感,月詠 Moon Phase,,cp,
冨塚部屋,2026/05/04,40,W:Wonder tale,俺の彼女と幼なじみが修羅場すぎる ED 1,田村ゆかり,ヒロ,
黒河部屋,2026/05/04,40,Free Magic,名探偵コナン ED8,WAG,ヒロ,
けんちぃ部屋,2026/05/04,40,二千年... 若しくは... 二万年後の君へ・・・【_Ver2】,進撃の巨人 The Final Season 完結編 主題歌,Linked Horizon,けんちぃ,和穂さん女性パートヨロ
naoo部屋,2026/05/04,40,逆光,Fate/Grand Order Cosmos in the Lostbelt OP,坂本真綾,和穂,
芝ちゃん部屋,2026/05/04,40,MONSTER,ようこそ実力至上主義の教室へ 4th Season 2年生編1学期 OP,藍井エイル,芝ちゃん,
冨塚部屋,2026/05/04,39,twilight little star,政宗くんのリベンジR Ed,ChouCho,芝ちゃん,
黒河部屋,2026/05/04,39,夢で逢いましょう,名探偵コナン ED71,SARD UNDERGROUND,黒河,
けんちぃ部屋,2026/05/04,39,SWORD SUMMIT,戦国BASARA弐,T.M.Revolution,Kei,
naoo部屋,2026/05/04,39,飛ぶ時,黄泉のツガイ OP,Vaundy,naoo,
芝ちゃん部屋,2026/05/04,39,【とんがり帽子のアトリエ】 [OP] 風のアンセム／Eve featuring suis from ヨルシカ ※パート分け bb305 (On-Off),,,ブルーベリー,
冨塚部屋,2026/05/04,38,ガラスの少年,天空戦記シュラト_創世への暗闘,清水咲斗子,富居精市,
黒河部屋,2026/05/04,38,零 -ZERO-,名探偵コナン ゼロの執行人 劇場版第22弾,福山雅治,雪兎,持ってきた曲9割は全滅OTL
けんちぃ部屋,2026/05/04,38,誓い,日本三國 ED,Leina,ゆに,
naoo部屋,2026/05/04,38,DAN DAN心魅かれてく,DRAGON BALL GT OP,FIELD OF VIEW,Kei,
芝ちゃん部屋,2026/05/04,38,ボタン,ReLIFE OP,PENGUIN RESEARCH,M,
冨塚部屋,2026/05/04,37,ダラシナイEveryday【DUO4]】,ニートくノ一となぜか同棲はじめました ED2,"出浦白津莉(矢野妃菜喜),ファイルーズあい,会沢紗弥,木野日菜",SRK,
黒河部屋,2026/05/04,37,【ダンガンロンパ】絶望性：ヒーロー治療薬／スズムfeatそらる【on Vocal】,,,サイバードラゴン,
けんちぃ部屋,2026/05/04,37,アンドロイドにくびったけ,かくして!マキナさん!! ED,Brave Mental Orchestra,みぃちゃん,
naoo部屋,2026/05/04,37,れびてーしょん,NEEDY GIRL OVERDOSE ED,キタニタツヤ,ゆに,
芝ちゃん部屋,2026/05/04,37,刹那の果実,グリザイアの楽園 OP,黒崎真音,遊び人レベル世界3位,
冨塚部屋,2026/05/04,36,ロケットビート,カードキャプターさくら クリアカード編 OP2,安野希世乃,ヒロ,
黒河部屋,2026/05/04,36,"Never Say Why,Never Say No",金田一少年の事件簿 OP7,566 featuring 中野さゆり,タカヒロ,
けんちぃ部屋,2026/05/04,36,Utopia or Dystopia(cut&コーラス入-on)_青藍島ver,年齢制限版】【ぬきたし THE ANIMATION OP,夢乃ゆき,けんちぃ,
naoo部屋,2026/05/04,36,星が降るユメ,Fate/Grand Order -絶対魔獣戦線バビロニア- ED,藍井エイル,ジョージ,
芝ちゃん部屋,2026/05/04,36,ひみつだけどね【パート分け有】,ひみつのアイプリ Ed,青空ひまり(CV藤寺美徳)星川みつき(CV平塚紗依),cp,
冨塚部屋,2026/05/04,35,"Please, please!",政宗くんのリベンジR Op,大橋彩香,芝ちゃん,
黒河部屋,2026/05/04,35,Still for your love【ニコニコ動画使用】,名探偵コナン ED7,rumania montevideo,ヒロ,
けんちぃ部屋,2026/05/04,35,孕ませおっぱい!ShiningマイスターZ!,身内カラオケ用】【炎の孕ませ乳ドルマイ★スター学園Z OP,ゆん、たまこ、momiji,加古,
naoo部屋,2026/05/04,35,【Fate Grand Order】《ED》時計／坂本真綾【On-Cut】※第２部最終章主題歌,,,和穂,
芝ちゃん部屋,2026/05/04,35,しあわせフレーバー【パート分け】,メイドさんは食べるだけ ED,ARCANA PROJECT,芝ちゃん,
冨塚部屋,2026/05/04,34,Keep Your Pure Love,天空戦記シュラト 創世への暗闘 OP,SATOKO,富居精市,
黒河部屋,2026/05/04,34,【名探偵コナン OP60】Poker Face(on-off)／あみゅり,,,黒河,
けんちぃ部屋,2026/05/04,34,消えないで…,D.C.II S.S. ～ダ・カーポII セカンドシーズン～ Ed,yozuca,ゆーき,DC縛りあるみたいなので() どこまでいけるか
naoo部屋,2026/05/04,34,エゴ,悲劇の元凶となる最強外道ラスボス女王は民の為に尽くします。Season2 OP,レトロリロン,naoo,
芝ちゃん部屋,2026/05/04,34,【日本三國】 [ED] 誓い／Leina ※bb301 (On-Off),,,ブルーベリー,
加古部屋,2026/05/04,34,零-zero-,スノウボールアース OP,tuki.,和穂,
冨塚部屋,2026/05/04,33,ソラノアカリ,コードギアス 反逆のルルーシュ ロストストーリーズ ED 1部,石見舞菜香,SRK,
黒河部屋,2026/05/04,33,渡月橋 君想ふ,名探偵コナン から紅の恋歌(ラブレター) 劇場版第21弾,倉木麻衣,雪兎,
けんちぃ部屋,2026/05/04,33,Eternal Melodia【DUOP]】,竜翼のメロディア-Diva with the blessed dragonol- OP,"佐藤しずく,榊原ゆい",レイフ,
naoo部屋,2026/05/04,33,ポップ・スナック・ジャンクなHUNNY,カナン様はあくまでチョロい ED,あおぎり高校,ゆに,
芝ちゃん部屋,2026/05/04,33,マジンガーZ INFINITY Version,マジンガーZ/INFINITY,水木一郎,M,
加古部屋,2026/05/04,33,救世主,悲劇の元凶となる最強外道ラスボス女王は民の為に尽くします。 OP,月詠み,みぃちゃん,
冨塚部屋,2026/05/04,32,Endless Story【歌入り】,C³ シーキューブ OP,田村ゆかり,ヒロ,
黒河部屋,2026/05/04,32,【薬屋のひとりごと 2nd Season ED2】 ひとりごと(cut&コーラス入-on)_最終までアニメMV版 ／ Omoinotake_けんちぃ_928,,,サイバードラゴン,コナン離脱
けんちぃ部屋,2026/05/04,32,無自覚の天才,転生賢者の異世界ライフ～第二の職業を得て、世界最強になりました～ OP,Non Stop Rabbit,みぃちゃん,
naoo部屋,2026/05/04,32,junction heart,ブレイク ブレイド OP,佐咲紗花,ジョージ,
芝ちゃん部屋,2026/05/04,32,時を越えて,怪盗セイント・テール,,遊び人レベル世界3位,
加古部屋,2026/05/04,32,スーパーノヴァ(パート分け有),SI-VIS: The Sound of Heroes OP2,SI-VIS,加古,
冨塚部屋,2026/05/04,31,大丈夫,レイトン ミステリー探偵社～カトリーのナゾトキファイル～ ED 1,花澤香菜,芝ちゃん,
黒河部屋,2026/05/04,31,ひとりじゃない,金田一少年の事件簿 firstseason TM,堂本剛,タカヒロ,
けんちぃ部屋,2026/05/04,31,The Brave Under The Summer Sky. (off) 夏空のペルセウス -The brave under the summer sky._,-,,けんちぃ,
naoo部屋,2026/05/04,31,誓いはキュンと。,逃がした魚は大きかったが釣りあげた魚が大きすぎた件 OP,"HoneyWorks,鈴木愛理",和穂,
芝ちゃん部屋,2026/05/04,31,0973_1000%キュンキュンさせてよ▽(オケ)【プリティーリズム・オーロラドリーム／プリティーリズム☆オールスターズ】,,,cp,
加古部屋,2026/05/04,31,DEAD OR LOVE,逃がした魚は大きかったが釣りあげた魚が大きすぎた件 ED,吉乃,和穂,再々〜！
冨塚部屋,2026/05/04,30,嵐の中で輝いて,機動戦士ガンダム第08MS小隊 OP,米倉千尋,富居精市,
黒河部屋,2026/05/04,30,Mysterious Eyes,名探偵コナン OP7,GARNET CROW,ヒロ,
けんちぃ部屋,2026/05/04,30,透明,氷の城壁 OP,Novelbright,加古,
naoo部屋,2026/05/04,30,ラフレア,自称悪役令嬢な婚約者の観察記録。 OP,宮川愛李,naoo,本ターンよろしくお願いします。OPの方はあった
芝ちゃん部屋,2026/05/04,30,団地妻の誘惑Part2【完全デレギュラ版】,インゴクダンチ Tm,miko,芝ちゃん,
加古部屋,2026/05/04,30,綺麗。 (Ver2),綺麗にしてもらえますか。,ゆう。,みぃちゃん,
冨塚部屋,2026/05/04,29,Echoes of the Stars【DUOP]】,ティンクルスターナイツ OP 2周年,fripSide,SRK,
黒河部屋,2026/05/04,29,Q&A,名探偵コナン OP36,B'z,黒河,
けんちぃ部屋,2026/05/04,29,【D.CⅢ～ダ・カーポⅢ～】「TRUE MAGIC......」[Op][YURiCa 花たん][ゲーム][悠季](On-Off),-,,ゆーき,せっかくなんでゲーソンを()
naoo部屋,2026/05/04,29,【ガンバレ！中村くん！！】 [ED] 初恋／村下孝蔵 ※1話目ED bb295 (On-Off),,,ゆに,
芝ちゃん部屋,2026/05/04,29,【上伊那ぼたん、酔へる姿は百合の花】 [ED] 感情グラス／上伊那ぼたん (CV鈴代紗弓) bb299 (On-Off),,,ブルーベリー,よろしくお願いします 練習？
加古部屋,2026/05/04,29,RES∞NALIST,ゴーストコンサート missing Songs In,相葉芹亜(CV:藤寺美徳)、クレオパトラ(CV:日高里菜),加古、和穂,
冨塚部屋,2026/05/04,28,いつか,超発明BOYカニパン Ed,初音ミク,芝ちゃん,
黒河部屋,2026/05/04,28,[あなたは幸せになる／藤田麻衣子]藤田麻衣子シングルCD[on-off]名探偵コナン mad,,,雪兎,
けんちぃ部屋,2026/05/04,28,星屑のキズナ,ほしうた～Starlight Serenade～ OP,Lia,レイフ,
naoo部屋,2026/05/04,28,拍動,#コンパス2.0 戦闘摂理解析システム,水樹奈々,ジョージ,
芝ちゃん部屋,2026/05/04,28,INNOSENSE,Tales of Zestiria the X ED 2,FLOW,M,
加古部屋,2026/05/04,28,Anytime Anywhere,葬送のフリーレン ED 1,milet,和穂,
冨塚部屋,2026/05/04,27,ゆめいっぱい,ちびまる子ちゃん(第1期) OP,関ゆみ子,ヒロ,
黒河部屋,2026/05/04,27,オー!リバル【DAM映像】,名探偵コナン 業火の向日葵 主題歌,ポルノグラフィティ,サイバードラゴン,
けんちぃ部屋,2026/05/04,27,【やはり俺の青春ラブコメはまちがっている。続】春擬き（Ver2）／やなぎなぎ［on-off］,-,,みぃちゃん,
naoo部屋,2026/05/04,27,桜のあと (all quartets lead to the?),夜桜四重奏 ～ハナノウタ～,UNISON SQUARE GARDEN,naoo,活動休止残念。。。
芝ちゃん部屋,2026/05/04,27,挑発Cherry Heart,乃木坂春香の秘密ぴゅあれっつぁ♪ OP,,遊び人レベル世界3位,こちらのオフ会初参加ですがよろしくお願いします
加古部屋,2026/05/04,27,透明,FateGrand Order -神聖円卓領域キャメロット- OP,宮野真守,みぃちゃん,
冨塚部屋,2026/05/04,26,いつか空に届いて,機動戦士ガンダム0080 ポケットの中の戦争 OP,椎名恵,富居精市,
黒河部屋,2026/05/04,26,ジーンズ,金田一少年の事件簿 Ed,広末涼子,タカヒロ,
けんちぃ部屋,2026/05/04,26,終わりの世界から,終わりの惑星のLove Song,やなぎなぎ,けんちぃ,
naoo部屋,2026/05/04,26,【日本三國】 [OP] 火種／キタニタツヤ ※bb300 (On-Off),,,ブルーベリー,
芝ちゃん部屋,2026/05/04,26,ようこそ メタリック・パーティー,CLAMP学園探偵団 ED 1,Marble Berry,cp,
加古部屋,2026/05/04,26,lulu.,葬送のフリーレン(第2期) OP,Mrs.GREEN APPLE,加古,
冨塚部屋,2026/05/04,25,PHASE NEXT【DUOP]】,とある科学の超電磁砲 IM,fripSide,SRK,
黒河部屋,2026/05/04,25,氷の上に立つように,名探偵コナン ED6,小松未歩,ヒロ,
けんちぃ部屋,2026/05/04,25,God's S.T.A.R.,うたの☆プリンスさまっ♪ マジLOVEレジェンドスター,QUARTET NIGHT,加古,
naoo部屋,2026/05/04,25,僕らが愚かだなんて誰が言った(パート分け-公式アニメMV),骸骨騎士様、只今異世界へお出掛け中 ED,DIALOGUE+,みぃちゃん,再放送やってるよ〜
芝ちゃん部屋,2026/05/04,25,部屋移動の時間です。,,,システム,
加古部屋,2026/05/04,25,誓いはキュンと,逃がした魚は大きかったが釣りあげた魚が大きすぎた件,HoneyWorks feat.鈴木愛理,和穂,
冨塚部屋,2026/05/04,24,First Step【長瀬麻奈 第1、2、4、6話挿入歌】,IDOLY PRIDE IN,長瀬麻奈(CV:神田沙也加),芝ちゃん,
黒河部屋,2026/05/04,24,カウントダウン,名探偵コナン OP47,NormCore,黒河,
けんちぃ部屋,2026/05/04,24,境界の彼方  キー変更： -3,境界の彼方 OP,茅原実里,ゆーき,エレガということで()
naoo部屋,2026/05/04,24,あぶく,LIAR GAME,ヨルシカ,レイフ,
芝ちゃん部屋,2026/05/04,24,茨の道,ゴーストコンサート missing Songs ED,オデッセウス,和穂,
加古部屋,2026/05/04,24,零【_アニメMV版】,リィンカーネーションの花弁 ED,Sizuk feat.AYAME,みぃちゃん,Cメロ自信ない↩︎練習w
冨塚部屋,2026/05/04,23,MEN OF DESTINY,機動戦士ガンダム0083-STARDUST MEMORY- OP 2,MIO,富居精市,
黒河部屋,2026/05/04,23,[Growing of my heart／倉木麻衣]名探偵コナン[on-off],,,雪兎,
けんちぃ部屋,2026/05/04,23,神がかりクロスハート!,神がかりクロスハート! OP,NANA,レイフ,よろしくお願いします
naoo部屋,2026/05/04,23,【ニワトリ・ファイター】「We’re Loose Stars(TV.size)歌詞修正」[ED][高橋哲也＆Rooster Fighter][アニメ][悠季](On-Off),,,ゆーき,※短いです
芝ちゃん部屋,2026/05/04,23,【あかね噺]「人誑し」[OP][桑田佳祐][2tr Off-On],,,ゆに,
加古部屋,2026/05/04,23,【春夏秋冬代行者 春の舞】[OP]Petals／Orangestar feat. 夏背〔Semi-On-Off〕_mixed,-,,加古,
冨塚部屋,2026/05/04,22,【わがまま☆フェアリーミルモでポン!ちゃあみんぐ ED】チェリ・ガール(on) ／Sana(新谷さなえ),,,ヒロ,
黒河部屋,2026/05/04,22,TWILIGHT!!!,名探偵コナン 隻眼の残像(フラッシュ・バック) 劇場版第28弾,King Gnu,サイバードラゴン,
けんちぃ部屋,2026/05/04,22,おう_王様ゲーム The Animation_Pile_Lost Paradise__1_yo_off-on_st_,お,,みぃちゃん,閲覧注意⚠️
naoo部屋,2026/05/04,22,ラケナリアの夢,魔術師クノンは見えている OP,ヰ世界情緒,naoo,
芝ちゃん部屋,2026/05/04,22,芽吹くとき,上伊那ぼたん、酔へる姿は百合の花 OP,yonige,芝ちゃん,
加古部屋,2026/05/04,22,今この胸に滾るのは,スノウボールアース,ヒグチアイ,和穂,
冨塚部屋,2026/05/04,21,FLYING FAFNIR (Animelo Summer Live 2015),銃皇無尽のファフニール,TRUSTRICK,SRK,
黒河部屋,2026/05/04,21,ピアニィ・ピンク,CLAMP学園探偵団 OP,ALI PROJECT,cp,
けんちぃ部屋,2026/05/04,21,リーチライト,杖と剣のウィストリア ED2,シユイ,けんちぃ,練習する
naoo部屋,2026/05/04,21,【本好きの下剋上 領主の養女】 [OP] Pages／Little Glee Monsters ※パート分け無し bb297 (On-Off),,,ブルーベリー,
芝ちゃん部屋,2026/05/04,21,gifted,ゴーストコンサート missing Songs In,相葉芹亜(CV:藤寺美徳)&ニコラ・テスラ(CV:佐々木崇),加古,
加古部屋,2026/05/04,21,BROKEN IDENTITY,勇者、辞めます OP,鈴木みのり,みぃちゃん,
冨塚部屋,2026/05/04,20,未来形Answer,俺物語!! OP,TRUSTRICK,芝ちゃん,
黒河部屋,2026/05/04,20,Justice for true love,金田一少年の事件簿 劇場版 殺戮のディープブルー,THE ALFEE,タカヒロ,
けんちぃ部屋,2026/05/04,20,業魂REQUIEMER,ゴーストコンサート:missing Songs OP,相葉芹亜(CV.藤寺美徳),加古,
naoo部屋,2026/05/04,20,綺麗。,綺麗にしてもらえますか。 OP,ゆう。,みぃちゃん,
芝ちゃん部屋,2026/05/04,20,【ゴーストコンサート】RES∞NALIST相葉芹亜（CV：藤寺美徳）＆クレオパトラ（CV：日高里菜）(on-UVRchorus-cut)※IN[2ﾊﾟｰﾄ]crm,,,和穂,ゆにさん宜しくお願いします♪
冨塚部屋,2026/05/04,19,心のプラネット〈NUKU NUKU Version〉,万能文化猫娘 SOUND PHASE-0VI IM,林原めぐみ,富居精市,
黒河部屋,2026/05/04,19,少女の頃に戻ったみたいに,名探偵コナン 14番目の標的(ターゲット) 劇場版第2弾,ZARD,ヒロ,
けんちぃ部屋,2026/05/04,19,【ヒナまつり】鮭とイクラと893と娘／新田義史（CV：中島ヨシキ）［on-off］,-,,ゆーき,
naoo部屋,2026/05/04,19,Ash Like Snow,機動戦士ガンダム00 OP,the brilliant green,レイフ,
芝ちゃん部屋,2026/05/04,19,【また殺されてしまったのですね、探偵様】「スターダスト・エウレカ」[Op][多次元制御機構よだか][アニメ][悠季](On-Off),,,ゆに,
加古部屋,2026/05/04,19,【学園アイドルマスター】 [IN] 雨上がりのアイリス／Re IRIS（花海咲季・月村手毬・藤田ことね） bb238 (On-Off),-,,cp,
冨塚部屋,2026/05/04,18,ファンタジスタ★ガール,アニマル横町 Ed,the Indigo,芝ちゃん,
黒河部屋,2026/05/04,18,星のかがやきよ,名探偵コナン OP15,ZARD,黒河,
naoo部屋,2026/05/04,18,【真夜中ハートチューン】[夢追白書][挿入歌][井ノ華六花][悠季](On-Off) キー変更：-3,,,ゆーき,真夜中ハートチューンつながりでw、
芝ちゃん部屋,2026/05/04,18,サブマリンユース,クラスで2番目に可愛い女の子と友だちになった OP,reGretGirl,芝ちゃん,
加古部屋,2026/05/04,18,桜のあと(all quartets lead to the?)【bb151】,夜桜四重奏～ハナノウタ～ op,UNISON SQUARE GARDEN(on-off),加古,
冨塚部屋,2026/05/04,17,アンパンマンのマーチ,それいけ!アンパンマン Op,ドリーミング,ヒロ,
黒河部屋,2026/05/04,17,[Secret of my heart／倉木麻衣]名探偵コナン[on-off],,,雪兎,
けんちぃ部屋,2026/05/04,17,クスシキ【_最終話までアニメMV版】,薬屋のひとりごと 2nd Season OP2,Mrs. GREEN APPLE,M,
naoo部屋,2026/05/04,17,月に向かって撃て,真夜中ハートチューン OP,星街すいせい,naoo,
芝ちゃん部屋,2026/05/04,17,業魂REQUIEMER,ゴーストコンサート:missing Songs OP,相葉芹亜(CV.藤寺美徳),和穂,
加古部屋,2026/05/04,17,【THE IDOLM@STER CINDERELLA GIRLS STARLIGHT MASTER PLATINUM NUMBER 10 全開！ミラクルアドベンチャー！】 [IN] 恋／前川みく ※星野源カバー bb243 (On-Off),-,,ブルーベリー,
冨塚部屋,2026/05/04,16,明日へ【DUO5]】,五等分のプリンセス～幻想と深淵と魔法学院～ OP,Galileo Galilei,SRK,
黒河部屋,2026/05/04,16,I can't stop my love for you,名探偵コナン OP11,愛内里菜,cp,
けんちぃ部屋,2026/05/04,16,BOW AND ARROW【原作スペシャルMV+アニメ映像】,メダリスト OP,米津玄師,ジョージ,
naoo部屋,2026/05/04,16,【花咲くエトワール】 [ED] 風に乗る／緑黄色社会 ※公式MV bb302 (On-Off),,,ブルーベリー,
芝ちゃん部屋,2026/05/04,16,リーチライト,杖と剣のウィストリア Season 2 ED,シユイ,ゆに,
加古部屋,2026/05/04,16,Naru,ツルネ -風舞高校弓道部- OP,ラックライフ,みぃちゃん,
冨塚部屋,2026/05/04,15,SPACE LONELY SOLDIER 〈Aki Version〉,宇宙の騎士テッカマンブレードII NEXT GENERATION2 IM,林原めぐみ,富居精市,
黒河部屋,2026/05/04,15,Boo Bee MAGIC,金田一少年の事件簿 ED2,鈴木紗理奈,タカヒロ,
けんちぃ部屋,2026/05/04,15,I miss you,英雄伝説 閃の軌跡 ED,小寺可南子,けんちぃ,
naoo部屋,2026/05/04,15,透明,氷の城壁 OP,Novelbright,みぃちゃん,
芝ちゃん部屋,2026/05/04,15,COMIT COMET【超よわよわver._第2話まで】,よわよわ先生 OP,DAOKO,芝ちゃん,
加古部屋,2026/05/04,15,ルンがピカッと光ったら,マクロスΔ(デルタ) ED 1,ワルキューレ,cp,
冨塚部屋,2026/05/04,14,心眼,『シャドウバースF』(シャドウバースフレイム) Op,Lanndo feat. 須田景凪,芝ちゃん,
naoo部屋,2026/05/04,14,声の軌跡,真夜中ハートチューン ED,Soala,レイフ,
黒河部屋,2026/05/04,14,名探偵コナン (off) 願い事ひとつだけ,,,ヒロ,
けんちぃ部屋,2026/05/04,14,Reweave【アニメ映像ver2.0・最終話まで】,Re:ゼロから始める異世界生活 OP,鈴木このみ,サイバードラゴン,今期のは難しすぎるので前クールので
芝ちゃん部屋,2026/05/04,14,零-zero-,スノウボールアース OP,tuki.,和穂,
加古部屋,2026/05/04,14,Luminous Bloom,プリンセッション・オーケストラ Ed,花の騎士シンシア(CV.鬼頭明里)花の騎士ピュリティ(CV.伊藤美来),加古,
冨塚部屋,2026/05/04,13,Vivy -Fluorite Eye's Song OP-_ヴィヴィ（八木海莉）_Sing My Pleasure_naoo作,,,ヒロ,
naoo部屋,2026/05/04,13,【愛してるゲームを終わらせたい】「リトルワールド」[Ed][PompadollS][アニメ][悠季](On-Off),,,ゆーき,
黒河部屋,2026/05/04,13,キミがいれば【平成版】,名探偵コナン 劇場版挿入歌,伊織,黒河,
けんちぃ部屋,2026/05/04,13,way of life,英雄伝説Ⅶ 零の軌跡 OP,小寺可南子,M,
芝ちゃん部屋,2026/05/04,13,【LIAR GAME ライアーゲーム】「朝日」[Ed][Lucky Kilimanjaro][アニメ][悠季](On-Off),,,ゆに,
加古部屋,2026/05/04,13,サヨナラノツバサ～the end of triangle【パート分け有】,マクロスF 恋離飛翼～サヨナラノツバサ～ IN,"May'n,中島愛",ブルーベリー、加古,
冨塚部屋,2026/05/04,12,DEAD OR LOVE,逃がした魚は大きかったが釣りあげた魚が大きすぎた件 ED,吉乃,富居精市,
naoo部屋,2026/05/04,12,【氷の城壁】逆様／ポルカドットスティングレイ(on-off),,,naoo,
芝ちゃん部屋,2026/05/04,12,【よわよわ先生】「(パート分け)よわよわ つよつよ みにみに こわこわ」[Ed][鶸村ひより 椋林瑞希 雪下祐樹][アニメ][悠季](On-Off),,,芝ちゃん,
黒河部屋,2026/05/04,12,翼を広げて,名探偵コナン 戦慄の楽譜 CS,ZARD,雪兎,
けんちぃ部屋,2026/05/04,12,34-129501(METAL GEAR SOLID PEACE WALKER)恋の抑止力[IM]【水樹奈々】,-,,ジョージ,
加古部屋,2026/05/04,12,人生イージー?【パート分け】,弱キャラ友崎くん OP,DIALOGUE+,みぃちゃん、加古,
冨塚部屋,2026/05/04,11,Presence,アオアシ OP 2,Superfly,芝ちゃん,
naoo部屋,2026/05/04,11,【淡島百景】 [OP] blue hour ／ hanahope ※bb310 (On-Off),,,ブルーベリー,
芝ちゃん部屋,2026/05/04,11,DEAD OR LOVE,逃がした魚は大きかったが釣りあげた魚が大きすぎた件 ED,吉乃,和穂,
黒河部屋,2026/05/04,11,運命のルーレット廻して,名探偵コナン OP4,ZARD,cp,
けんちぃ部屋,2026/05/04,11,IRIS OUT【_劇場版】,[劇場版]チェンソーマン レゼ篇 主題歌,米津玄師,けんちぃ,劇場版〜
加古部屋,2026/05/04,11,スゴすぎ前橋ウィッチーズ!【アニメ映像ver2.0・最終話まで・パート分け有り】,前橋ウィッチーズ OP,前橋ウィッチーズ,cp、ブルーベリー、加古,
冨塚部屋,2026/05/04,10,リンカ【DUO3]】,あいりすミスティリア! OP4,Airots,SRK,
naoo部屋,2026/05/04,10,零【Ver1 暫定版 アニメ公式 MV】,リィンカーネーションの花弁,Sizuk,みぃちゃん,練習↩︎Cメロ自信ないw
芝ちゃん部屋,2026/05/04,10,うたまひ,神の庭付き楠木邸 ED,JYOCHO,ゆに,
黒河部屋,2026/05/04,10,君がいるから…,金田一少年の事件簿 OP3,西脇唯,タカヒロ,
けんちぃ部屋,2026/05/04,10,Fighting Gold【Ver2】,ジョジョの奇妙な冒険 黄金の風,Coda,サイバードラゴン,
加古部屋,2026/05/04,10,Ex-Otogibanashi【パート分け】,超かぐや姫! IN,かぐや(CV:夏吉ゆうこ),加古,
冨塚部屋,2026/05/04,9,国歌斉唱,影山ヒロノブ,onのみ,富居精市,
naoo部屋,2026/05/04,9,Cusp,黒猫と魔女の教室 OP,ASCA,レイフ,
芝ちゃん部屋,2026/05/04,9,Revive【パート分け】,名探偵コナン OP25,倉木麻衣,芝ちゃん,
黒河部屋,2026/05/04,9,名探偵コナンMAD_君がいない夏_DEEN_2CH,,,ヒロ,
けんちぃ部屋,2026/05/04,9,微笑みの爆弾【後期ver】,幽☆遊☆白書 OP,馬渡松子,M,
加古部屋,2026/05/04,9,【上伊那ぼたん、酔へる姿は百合の花】 [OP] 芽吹くとき／yonige bb 298 (On-Off),-,,ブルーベリー,飲みつながり
冨塚部屋,2026/05/04,8,【映画けいおん!挿入歌】【天使にふれたよ】【放課後ティータイム】（オンボーカルのみ）パート分け有ver2,,,ヒロ,
naoo部屋,2026/05/04,8,【また殺されてしまったのですね、探偵様】「スターダスト・エウレカ」[Op][多次元制御機構よだか][アニメ][悠季](On-Off),,,ゆーき,今朝7:30頃に仕上がった譜面です()
芝ちゃん部屋,2026/05/04,8,今この胸に滾るのは,スノウボールアース ED,ヒグチアイ,和穂,
黒河部屋,2026/05/04,8,Butterfly Core,名探偵コナン OP37,VALSHE,黒河,
けんちぃ部屋,2026/05/04,8,闘いの詩,ぱちんこCR 聖戦士ダンバイン IN,THE NEUTRAL,ジョージ,
加古部屋,2026/05/04,8,人間カムトゥルー!【パート分け】,人外教室の人間嫌い教師 ED,"水月鏡花(雨宮天),尾々守一咲(大西沙織),右左美彗(長縄まりあ),羽根田トバリ(田辺留依)",みぃちゃん、ブルーベリー,
冨塚部屋,2026/05/04,7,巣立ちの歌,ワンダーエッグ・プライオリティ OP,アネモネリア,芝ちゃん,
naoo部屋,2026/05/04,7,サブマリンユース,クラスで2番目に可愛い女の子と友だちになった OP,reGretGirl,naoo,
芝ちゃん部屋,2026/05/04,7,Radiant【パチンコ・パチスロ搭載曲 パート分け】,リコリス・リコイル,ClariS,ゆに,
黒河部屋,2026/05/04,7,夢みたあとで,名探偵コナン,GARNET CROW,雪兎,よろしくお願いしますm(_ _)m
加古部屋,2026/05/04,7,aventure bleu,たくのみ。 OP,内田真礼,cp,
けんちぃ部屋,2026/05/04,7,Hallelujah,北斗の拳 -FIST OF THE NORTH STAR- OP,Alexandros,けんちぃ,
冨塚部屋,2026/05/04,6,恋愛☆洗セーション【DUO]】,洗い屋さん!～俺とアイツが女湯で!?～ ED,"青葉りんご,伊ヶ崎綾香",SRK,
naoo部屋,2026/05/04,6,【オタクに優しいギャルはいない】 [OP] HIDE AND SEEK ／ i-dle ※パート分け無し暫定 bb312 (On-Off),,,ブルーベリー,
芝ちゃん部屋,2026/05/04,6,君を通して,彼女、お借りします In,雨宮天,芝ちゃん,
黒河部屋,2026/05/04,6,謎,名探偵コナン OP3,小松未歩,cp,
加古部屋,2026/05/04,6,世界にひとつのギフト【※18禁映像】,大きい女の子は好きですか? Ed,中恵光城,加古,
けんちぃ部屋,2026/05/04,6,飛ぶ時,黄泉のツガイ OP,Vaundy,サイバードラゴン,まだ練習中です
naoo部屋,2026/05/04,5,One-Chance!!,ピュアガール OP,"KOTOKO,佐藤ひろ美",レイフ,
芝ちゃん部屋,2026/05/04,5,BEAUTIFUL,姫騎士は蛮族の嫁,前島麻由,和穂,
黒河部屋,2026/05/04,5,君が見た夢の物語,ロード・エルメロイⅡ世の事件簿 魔眼蒐集列車 Grace note ED,ASCA,タカヒロ,
加古部屋,2026/05/04,5,オリオンをなぞる【live映像_bb164】,TIGER&BUNNY op,UNISON SQUARE GARDEN(on-off),ブルーベリー,
けんちぃ部屋,2026/05/04,5,Plazma【劇中音声有り】,機動戦士Gundam GQuuuuuuX OP,米津玄師,M,
加古部屋,2026/05/04,5,オリオンをなぞる【live映像_bb164】,TIGER&BUNNY op,UNISON SQUARE GARDEN(on-off),ブルーベリー、みぃちゃん、加古,
naoo部屋,2026/05/04,4,Fly Again!!,灰原くんの強くて青春ニューゲーム OP,前島亜美,ゆーき,
芝ちゃん部屋,2026/05/04,4,火種【暫定版】,日本三國 OP,キタニタツヤ,ゆに,
黒河部屋,2026/05/04,4,光と影のロマン,名探偵コナン ED3,宇徳敬子,ヒロ,
加古部屋,2026/05/04,4,春が来てぼくら,3月のライオン OP,UNISON SQUARE GARDEN,みぃちゃん,活動休止なんで〜？
けんちぃ部屋,2026/05/04,4,ヒトミノチカラ,ヒカルの碁 ED 2,観月ありさ,ジョージ,よろしくお願いします
naoo部屋,2026/05/04,3,【レプリカだって、恋をする。】[OP]リフレイン(on-off)_第3話まで／シャイトープ,,,naoo,よろしくお願いします
芝ちゃん部屋,2026/05/04,3,マイターン,シャドウバースFLAME Ed,黒羽アリス(CV小倉唯),芝ちゃん,
黒河部屋,2026/05/04,3,Feel Your Heart,名探偵コナン OP2,VELVET GARDEN,黒河,
加古部屋,2026/05/04,3,僕たちはひとつの光,ラブライブ! The School Idol Movie ED,μ's,cp,
けんちぃ部屋,2026/05/04,3,ちゅーんあっぷ☆,黒猫と魔女の教室 ED,スピラ・スピカ,けんちぃ,よろしく
naoo部屋,2026/05/04,2,【霧尾ファンクラブ】 [OP] FANCLUB ／ Skirt & ODD Foot Works ※パート分け無し暫定 bb311 (On-Off),,,ブルーベリー,よろしくお願いします
芝ちゃん部屋,2026/05/04,2,シルベキコト,姫騎士は蛮族の嫁 ED,sajou no hana,和穂,
黒河部屋,2026/05/04,2,なぜ?謎?!ANSWER【パート分けVer2】,名探偵プリキュア! ED,"熊田茜音,増井優花",cp,
加古部屋,2026/05/04,2,【あかね噺】 [OP] 人誑し ひとたらし／桑田佳祐 ※アニメMV＋ちょい編集 bb292 (On-Off),-,,加古,
けんちぃ部屋,2026/05/04,2,祝福,機動戦士ガンダム 水星の魔女 OP1,YOASOBI,サイバードラゴン,カラオケ一曲目は大体これ歌います
naoo部屋,2026/05/04,1,君のせいで愛してる,愛してるゲームを終わらせたい OP,CHiCO with HoneyWorks,レイフ,よろしくお願いします
芝ちゃん部屋,2026/05/04,1,INTERNET ANGEL【アニメPV】,NEEDY GIRL OVERDOSE OP,超てんちゃん,ゆに,
黒河部屋,2026/05/04,1,タンテイセブン【耳コピ合いの手抜け有】,タンテイセブン OP,Luna,test,
加古部屋,2026/05/04,1,ゼンセカイ歌姫宣言,プリンセッション・オーケストラ In,オルケリア,ブルーベリー,よろしくお願いします
加古部屋,2026/05/04,1,ゼンセカイ歌姫宣言,プリンセッション・オーケストラ In,オルケリア,ブルーベリー、加古,よろしくお願いします
冨塚部屋,2026/05/03,106,衝動,グランクレスト戦記 ED 2,綾野ましろ,ヒロ,
冨塚部屋,2026/05/03,105,Feel Your Heart,名探偵コナン OP2,VELVET GARDEN,タカヒロ,
冨塚部屋,2026/05/03,104,藤原理恵,超獣機神ダンクーガ OP1_愛よ ファラウェイ,2CH,富居精市,
冨塚部屋,2026/05/03,103,ENGAGE LINKS,ENGAGE LINKS OP,真理絵,SRK,
冨塚部屋,2026/05/03,102,DAYBREAK FRONTLINE【4thライブ映像】,プロジェクトセカイ カラフルステージ! feat. 初音ミク IM,Vivid BAD SQUAD,タカヒロ,
冨塚部屋,2026/05/03,102,晴れてハレルヤ,魔法陣グルグル,奥井亜紀,団長,
冨塚部屋,2026/05/03,101,月を追う真夜中,グランベルム OP,藍井エイル,ヒロ,
冨塚部屋,2026/05/03,101,幻のバルバドレ,SD戦国伝 暴終空城の章 IN,清水咲斗子,富居精市,
冨塚部屋,2026/05/03,100,FIRE BIRD【パート分け】,BanG Dream! FILM LIVE IM,Roselia,タカヒロ,
冨塚部屋,2026/05/03,100,ババーンと推参!バーンブレイバーン,勇気爆発バーンブレイバーン OP,ブレイバーン(鈴村健一),ペプシ,
冨塚部屋,2026/05/03,99,Q&Aリサイタル,となりの怪物くん,戸松遥,ヒロ,
冨塚部屋,2026/05/03,99,氷河戦士ガイスラッガー,氷河戦士ガイスラッガー,水木一郎,ゆに,
冨塚部屋,2026/05/03,98,天命,双天†恋姫 -至源の王- OP,AiRI,SRK,
冨塚部屋,2026/05/03,98,MAGIC OF LOVE,魔法陣グルグル,Too's,団長,
冨塚部屋,2026/05/03,97,救世主,悲劇の元凶となる最強外道ラスボス女王は民の為に尽くします。 OP,月詠み,タカヒロ,
冨塚部屋,2026/05/03,97,おれはグレートマジンガー,グレートマジンガー,水木一郎,富居精市,
冨塚部屋,2026/05/03,96,原罪のレクイエム,PRISM ARK OP 2,KOTOKO,ヒロ,
冨塚部屋,2026/05/03,96,魂のエヴォリューション,ビーストウォーズ メタルス ～超生命体トランスフォーマー～ OP1,影山ヒロノブ,ペプシ,
冨塚部屋,2026/05/03,95,White Eternity～Memories in the air～,アストラエアの白き永遠 FHD Re:Eternity IM,新田恵海,SRK,
冨塚部屋,2026/05/03,95,姫のためならば,SF西遊記スタージンガー,コロムビアゆりかご会、こおろぎ'73,ゆに,
冨塚部屋,2026/05/03,94,記憶の海,School Days ED4,Yozuca*,ヒロ,
冨塚部屋,2026/05/03,94,地球オーケストラ,らんま1/2熱闘編 OP 4,KUSU KUSU,団長,
冨塚部屋,2026/05/03,93,深紅の呂旗 -The ONE- -呂布ver-,真・恋姫†無双～萌将伝～ CH,井村屋ほのか,SRK,
冨塚部屋,2026/05/03,93,復活のイデオン,伝説巨神イデオン OP,たいらいさお,富居精市,
冨塚部屋,2026/05/03,92,Let me Love you,School Days 挿入歌,桃井はるこ,ヒロ,
冨塚部屋,2026/05/03,92,heavenly blue,アルドノア・ゼロ OP 1,Kalafina,ペプシ,
冨塚部屋,2026/05/03,91,COMPLEX×SYNERGY,僕の好きな人の好きな人は、女装した僕でした。 OP,榊原ゆい,SRK,
冨塚部屋,2026/05/03,91,渇望【TV size アニメ公式 MV】,転生したらスライムだった件 第4期,CiON,ゆに,
冨塚部屋,2026/05/03,90,震えて下さい,ふしぎ遊戯 IM,田中敦子,富居精市,
冨塚部屋,2026/05/03,90,EQUALロマンス,デ・ジ・キャラットにょ ED,Priere,団長,こっちを初めて聴いたので最初はカバーと知りませんでした当時は
冨塚部屋,2026/05/03,89,ウソツキ,School Days ED1,CooRie,ヒロ,
冨塚部屋,2026/05/03,89,マジンガーZ (Animelo Summer Live 2011),マジンガーZ,水木一郎,富居精市,
冨塚部屋,2026/05/03,88,Loop iii -three-,はじめるセカイの理想論-goodbye world index- ED2,solfa feat. Rita,SRK,
冨塚部屋,2026/05/03,88,ザ・ヘッドマスターズ_影山ヒロノブ,トランスフォーマー ザ☆ヘッドマスターズ OP,2ch,ペプシ,
冨塚部屋,2026/05/03,87,Only One,万能文化猫娘 SOUND PHASE-0Ⅳ IM,絵里香,富居精市,
冨塚部屋,2026/05/03,87,行け!コンバトラーV,超電磁ロボ コン・バトラーV,水木一郎、コロムビアゆりかご会,ジョージ,
冨塚部屋,2026/05/03,86,Look at me,School Days ED5,YURIA,ヒロ,
冨塚部屋,2026/05/03,86,よわよわ つよつよ みにみに こわこわ,よわよわ先生,鶸村ひより (CV.高野麻里佳)、椋林瑞希 (CV.伊駒ゆりえ)、雪下祐樹 (CV.篠原侑),ゆに,
冨塚部屋,2026/05/03,85,Guilty Bride,旭光のマリアージュ OP,Duca,SRK,
冨塚部屋,2026/05/03,85,EQUALロマンス,らんま1/2 ED,CoCo,団長,
冨塚部屋,2026/05/03,84,Remake feeling,万能文化猫娘 SOUND PHASE-0Ⅵ IM,平松晶子,富居精市,
冨塚部屋,2026/05/03,84,おれは洸だ,勇者ライディーン,子門真人,富居精市,
冨塚部屋,2026/05/03,83,涙の理由,School Days ED6,栗林みな実,ヒロ,
crom部屋,2026/05/03,83,【BanG Dream! 2nd Season】「Dreamers Go!」[IN][Poppin'Party][2tr Off-On],,,crom,
冨塚部屋,2026/05/03,83,最強ロボダイオージャ,最強ロボダイオージャ,"たいらいさお, ザ・ブレッスン・フォー",ペプシ,
冨塚部屋,2026/05/03,82,明け星,鬼滅の刃 無限列車編 OP 2,LiSA,SRK,
crom部屋,2026/05/03,82,only my railgun -15th Anniversary version- [DUO3] (off) とある科学の超電磁砲,,,crom,
冨塚部屋,2026/05/03,82,すきだッダンガードA,惑星ロボ ダンガードA,ささきいさお&ヤング・フレッシュ,ジョージ,
冨塚部屋,2026/05/03,81,あしたはいい日になる,ふしぎ遊戯(OVA) 最終話ED,佐藤朱美,富居精市,
crom部屋,2026/05/03,81,【Animelo Summer Live 2023 -AXEL-】SHOOT!（パート分け）／RO-KYU-BU!［on-cut］,,,エミ,
冨塚部屋,2026/05/03,81,COMIT COMET,よわよわ先生 OP,Daoko,ゆに,
冨塚部屋,2026/05/03,80,【かのこん】[OP]PHOSPHOR(on-off)／宮崎羽衣,,,ヒロ,
crom部屋,2026/05/03,80,【あの日見た花の名前を僕達はまだ知らない。】～ secret base 君がくれたもの～(10 years after ver.)／本間芽衣子、安城鳴子、鶴見知利子(off-on)※パート分け,,,nai,
冨塚部屋,2026/05/03,80,ゼンダマンの歌,ゼンダマン,藤井健,団長,
冨塚部屋,2026/05/03,79,clover,SoltyRei OP,meg rock,タカヒロ,
crom部屋,2026/05/03,79,【とらドラ！】[ED]オレンジ（パート分け）／逢坂大河×櫛枝実乃梨×川嶋 亜美〔On-Off〕,,,crom,
冨塚部屋,2026/05/03,79,21Century -銀河を越えて-,戦国魔神ゴーショーグン ED,藤井健,富居精市,
冨塚部屋,2026/05/03,78,風のRhythm,遥かに仰ぎし、麗しの OP,ゆうか,SRK,
crom部屋,2026/05/03,78,【ストラトス・フォー】1st Priority／メロキュア(on-chorus_UVR-cut)※OP[ハモ2パート]crm,,,エミ,
芝ちゃん部屋,2026/05/03,78,はかりたい好感度【プレミアム版】,茉莉花ちゃんの好感度はぶっ壊れている Tm,千歳茉莉花(CV内田真礼),ヒロ,
冨塚部屋,2026/05/03,78,ゴーショーグン発進せよ_藤井健,戦国魔神ゴーショーグン OP,2CH,ペプシ,
冨塚部屋,2026/05/03,77,JUST GIVE ME YOUR LOVE,バブルdeハウスde◯◯◯ THE ANIMATION MAD,ROMANTIC MODE,富居精市,
crom部屋,2026/05/03,77,【歌マクロス】「放課後オーバーフロウ」[In][ワルキューレ][On-Off][ゲーム][加古]パート分け有,,,nai,
芝ちゃん部屋,2026/05/03,77,It's a beautiful story,異世界のんびり農家2 OP,"ルールーシー=ルー(CV:下地紫野),ティア(CV:洲崎綾)",SRK,
冨塚部屋,2026/05/03,77,サイボーグ009(1966版),サイボーグ009(1966版),マイスタージンガー,ジョージ,
冨塚部屋,2026/05/03,76,【殻ノ少女 FULL VOICE HD SIZE EDITION】[OP]瑠璃の鳥(on-off)_4K_60fps／霜月はるか,,,ヒロ,
crom部屋,2026/05/03,76,【マクロスΔ】僕らの戦場(ワルキューレLIVE2017映像)／ワルキューレ(3ch-On-VC-Off),,,crom,
芝ちゃん部屋,2026/05/03,76,COMIT COMET【超よわよわver._第2話まで】,よわよわ先生 OP,DAOKO,芝ちゃん,
冨塚部屋,2026/05/03,76,Hallelujah,北斗の拳 -FIST OF THE NORTH STAR- OP,Alexandros,ゆに,
冨塚部屋,2026/05/03,75,Saya's Song,リトルバスターズ!エクスタシー ED,Lia,タカヒロ,
crom部屋,2026/05/03,75,【四月は君の嘘】光るなら／Goose house(on-UVRchorus-cut)※OP[7パート]crm,,,エミ,
芝ちゃん部屋,2026/05/03,75,超越神力,,尊師,百合川,
冨塚部屋,2026/05/03,75,風の会話,最強武将伝・三国演義 OP,ささきいさお,団長,
冨塚部屋,2026/05/03,74,涙の向こうへ,ロミオの青い空 IN,折笠愛,富居精市,
crom部屋,2026/05/03,74,君が笑む夕暮れ (on-UVRchorus-cut) 東京レイヴンズ,,,nai,
芝ちゃん部屋,2026/05/03,74,誠-BUSHIDO HERO-魂,ゴーストコンサート missing Songs In,相葉芹亜(CV:藤寺美徳)&沖田総司(CV:熊谷健太郎),ヒロ,よろしくお願いします。
冨塚部屋,2026/05/03,74,あしたに生きろ バルディオス (宇宙戦士バルディオス_OP) 伊勢功一 (2ch_VC_ON) UVR online版,あ,,富居精市,
冨塚部屋,2026/05/03,73,[OP]楽園PROJECT,To LOVEる -とらぶる- ダークネス,Ray,ヒロ,
crom部屋,2026/05/03,73,[ぬらりひょんの孫] 片手☆SIZE - Sparky☆Start,,,crom,
芝ちゃん部屋,2026/05/03,73,部屋移動の時間です。,,,システム,
冨塚部屋,2026/05/03,73,行くぞ! ゴーダム,ゴワッパー5 ゴーダム OP,"水木一郎, ヤング・フレッシュ",ペプシ,
冨塚部屋,2026/05/03,72,I hope so...,天使のいない12月 OP,池田春菜,SRK,
crom部屋,2026/05/03,72,【神様のメモ帳】カワルミライ／ちょうちょ【off Vocal】,,,エミ,
芝ちゃん部屋,2026/05/03,72,【また殺されてしまったのですね、探偵様】「リリテアの歌(修正)」[Ed][リリテア(CV若山詩音)][アニメ][悠季](On-Off),,,ゆに,
冨塚部屋,2026/05/03,72,異動,,,Lお異動Jr.,異動のお時間がやって参りました。
冨塚部屋,2026/05/03,71,桜爛ロマンシア,さくらの雲*スカアレットの恋 OP,KyoKa,タカヒロ,
crom部屋,2026/05/03,71,[未来形アイドル／堀江由衣＆水樹奈々]KING SUPER LIVE 2018[on-off],,,nai,
芝ちゃん部屋,2026/05/03,71,えとにゃんらん,えとたま ～猫客万来～ OP,鈴木愛奈,団長,
冨塚部屋,2026/05/03,71,宇宙刑事ギャバン(Cover),宇宙刑事ギャバン OP,ムック,富居精市,
冨塚部屋,2026/05/03,70,I don't wanna cry,ヨゴレタカノジョ MAD,ROMANTIC MODE,富居精市,
crom部屋,2026/05/03,70,【地獄楽 第二期】［OP］かすかなはな／キタニタツヤ featuring BABYMETAL（On3種-Semi-Mvc-Off）※アニメ映像ver3.1・最終話まで・パート分け有り,,,crom,naiさんいけましたっけ？
芝ちゃん部屋,2026/05/03,70,群青 Love theory -special ver.-【DUO3]】,空色ユーティリティ ED,HAM,SRK,
冨塚部屋,2026/05/03,70,機動刑事ジバン,機動刑事ジバン,串田アキラ,百合川,
冨塚部屋,2026/05/03,69,【あねいも2 ～Second Stage～】[OP]melty snow(on-off)_4K_60fps／川田まみ,,,ヒロ,
crom部屋,2026/05/03,69,0804_恋の天使_舞い降りて(OffV),,,エミ,
芝ちゃん部屋,2026/05/03,69,DEAD OR LOVE,逃がした魚は大きかったが釣りあげた魚が大きすぎた件 ED,吉乃,芝ちゃん,
冨塚部屋,2026/05/03,69,勇者王誕生!-究極神話ヴァージョン-,勇者王ガオガイガーFINAL OP 2,遠藤正明,ペプシ,
冨塚部屋,2026/05/03,68,Darklight Messenger,天冥のコンキスタ OP,Ayumi.,SRK,
crom部屋,2026/05/03,68,【超かぐや姫！】[IN]ワールドイズマイン CPK! Remix（パート分け）／月見ヤチヨ(早見沙織)&かぐや(夏吉ゆうこ)〔MVC-On-Off〕,,,nai,
芝ちゃん部屋,2026/05/03,68,【上伊那ぼたん、酔へる姿は百合の花】 [OP] 芽吹くとき／yonige bb 298 (On-Off),,,ブルーベリー,
冨塚部屋,2026/05/03,68,LOVE 2000【第8話挿入歌 DVD・Blu-ray第1巻特典CD】,負けヒロインが多すぎる! ED1,八奈見杏菜(CV:遠野ひかる),ジョージ,
冨塚部屋,2026/05/03,67,It's so easy...,催眠性指導#5 MAD,岸本早未,富居精市,
crom部屋,2026/05/03,67,【日常】ヒャダインのじょーじょーゆーじょー（パート分け）／ヒャダイン［on-off］,,,crom,
芝ちゃん部屋,2026/05/03,67,Glitch【第2話まで】,リィンカーネーションの花弁 OP,eill,ゆに,
冨塚部屋,2026/05/03,67,いつか星の海で_下成佐登子,勇者王ガオガイガー ED,4CH,ヒロ,
冨塚部屋,2026/05/03,66,迷Q!?-迷宮-MAKE★YOU-,探偵学園Q OP1,岸本早未,タカヒロ,
crom部屋,2026/05/03,66,【アーティストPV／麻生夏子】にゃんぱいあ体操／麻生夏子&ヒャダイン【off Vocal】Withoutニャダイン,,,エミ,
芝ちゃん部屋,2026/05/03,66,[Op]What's a Hero?,ニワトリ・ファイター,DARUMA Rollin',団長,
冨塚部屋,2026/05/03,66,女の子にさよなら,冥王計画ゼオライマー大冥界 IN,島崎和歌子,富居精市,
冨塚部屋,2026/05/03,65,destiny,名探偵コナン OP9,aki a.k.a出口陽,ヒロ,
crom部屋,2026/05/03,65,【SI-VIS： The Sound of Heroes】[ED2]Singing Over(パート分け有)／SI-VIS〔Semi-On-MVC-Off〕,,,nai,じゃあこっちも
芝ちゃん部屋,2026/05/03,65,Not always true,メモリーズオフ 双想～Not always true～ OP,彩音,SRK,
冨塚部屋,2026/05/03,65,輝く瞳 <bright eyes>,巨神ゴーグ OP,TAKU,百合川,
冨塚部屋,2026/05/03,64,宿命の刃,八剱伝 OP,原田ひとみ,SRK,
crom部屋,2026/05/03,64,【多聞くん今どっち！？】花と夢／FACE(on-UVRchorus-cut)※ED[5ﾊﾟｰﾄ]crm,,,crom,naiさんいけます？onにしときます
芝ちゃん部屋,2026/05/03,64,しあわせフレーバー【パート分け】,メイドさんは食べるだけ ED,ARCANA PROJECT,芝ちゃん,
冨塚部屋,2026/05/03,64,宇宙の王者!ゴッドマーズ,六神合体ゴッドマーズ OP 1,樋浦一帆,ペプシ,
冨塚部屋,2026/05/03,63,No Real Affection,人妻ナース MAD,ROMANTIC MODE,富居精市,
crom部屋,2026/05/03,63,外科医エリーゼ (off-UVRchours-on) Listen【荒井麻珠】,,,エミ,
芝ちゃん部屋,2026/05/03,63,【スノウボールアース】 [OP] 零-zero-／tuki ※bb303 (On-Off),,,ブルーベリー,
冨塚部屋,2026/05/03,63,インフィニティ_優里,ON),SK∞ エスケーエイト(OFF,ジョージ,
冨塚部屋,2026/05/03,62,氷の上に立つように,名探偵コナン ED6,小松未歩,タカヒロ,
crom部屋,2026/05/03,62,【悪役令嬢は隣国の王太子に溺愛される】魔法の音(最終回反映)／高垣彩陽 feat. 城田優(on-UVRchorus-cut)※ED[2ﾊﾟｰﾄ]crm,,,crom,いける人よろしくおねがいします。　最終回反映版テスト
芝ちゃん部屋,2026/05/03,62,コンパスは透明,最強の職業は勇者でも賢者でもなく鑑定士(仮)らしいですよ? OP,緑仙,ゆに,
冨塚部屋,2026/05/03,62,恋せよ女の子,極上生徒会 OP,田村ゆかり,ヒロ,
冨塚部屋,2026/05/03,61,笑顔に会いたい,ママレード♡ボーイ OP,濵田理恵,ヒロ,
crom部屋,2026/05/03,61,【たまゆら~卒業写真~】これから／坂本真綾（On）,,,nai,
芝ちゃん部屋,2026/05/03,61,【左ききのエレン OP】 FUNKIN' BEAUTIFUL(cut&コーラス入-off-on) ／ ALI feat.ZORN_1215,,,団長,
冨塚部屋,2026/05/03,61,GET YOUR DREAM,超電動ロボ 鉄人28号FX,清水咲斗子,富居精市,
冨塚部屋,2026/05/03,60,Tragedy Night,ジュエリー・ナイツ・アルカディア 2ndOP,Ceui,SRK,
crom部屋,2026/05/03,60,【たまゆら】「やさしさに包まれたなら」『』,,,エミ,
芝ちゃん部屋,2026/05/03,60,Alright!!!【DUO]】,片田舎のおっさん、剣聖になる ED,FLOW,SRK,
冨塚部屋,2026/05/03,60,笑顔を探して,YAWARA,辛島美登里,百合川,
冨塚部屋,2026/05/03,59,STAINLESS NIGHT,KO世紀ビースト三獣士 BIRTH of the V-美-DARN ED,聖飢魔II,富居精市,
crom部屋,2026/05/03,59,【ソードアート・オンライン】 シルシ ／ Lisa (on),,,nai,
芝ちゃん部屋,2026/05/03,59,初恋【※最終話バージョン】,どうせ、恋してしまうんだ。 ED9,berry meet,芝ちゃん,
冨塚部屋,2026/05/03,59,ネバーランド,サイコアーマー ゴーバリアン OP_孤独の旅路 -LONELY JOURNEY-,2CH,ペプシ,
冨塚部屋,2026/05/03,58,奇跡なんか、いらない。,創作彼女の恋愛公式 OP,佐咲紗花,SRK,
crom部屋,2026/05/03,58,アムネシアZoetrope(ハモリ有)【off vocal】 .mp4,,,crom,やなぎなぎ
芝ちゃん部屋,2026/05/03,58,【キルアオ】 [OP] ATTITUDE ／ aespa ※漫画MVもちょいプラス　bb309 (On-Off),,,ブルーベリー,
冨塚部屋,2026/05/03,58,ローラーヒーロー・ムテキング,とんでも戦士 ムテキング,"水木一郎, フィーリング・フリー",ジョージ,
冨塚部屋,2026/05/03,57,Spirit Of The Globe (Radio Drama Version),ジャングルDEいこう! ED,奥井雅美,富居精市,
crom部屋,2026/05/03,57,【最果てのパラディン ED】 標火(off-on) ／ やなぎなぎ_けんちぃ_193,,,エミ,
芝ちゃん部屋,2026/05/03,57,ヒトリゴト,エロマンガ先生 OP,ClariS,ゆに,
冨塚部屋,2026/05/03,57,フラーグム(最終話反映),アクロトリップ OP,水瀬いのり,ヒロ,
冨塚部屋,2026/05/03,56,Bright Generation,やはり俺の青春ラブコメはまちがっている。 ドラマCD たとえばこんなバースデーソング,"早見沙織,東山奈央",タカヒロ,
crom部屋,2026/05/03,56,【Summer Pockets】アルカテイル／鈴木このみ(off-on),,,nai,
芝ちゃん部屋,2026/05/03,56,Syndetos,ソフィーのアトリエ2 ～不思議な夢の錬金術士～,鈴湯,団長,なぎさん　作ってくれてあざっす
冨塚部屋,2026/05/03,56,約束,ホリミヤ ED,フレンズ,富居精市,
冨塚部屋,2026/05/03,55,ゆずれない願い,魔法騎士レイアース OP 1,田村直美,ヒロ,
crom部屋,2026/05/03,55,【おねがい☆ツインズ】Second Flight／KOTOKO＆佐藤ひろ美(on-UVRchorus-cut)※OP[2ﾊﾟｰﾄ]crm,,,crom,エミさんけます？
芝ちゃん部屋,2026/05/03,55,アブナイキオク【DUOP]】,かぐや様は告らせたい 大人への階段 OP,"鈴木雅之,古賀葵",SRK,
冨塚部屋,2026/05/03,55,太陽の使者・鉄人28号,太陽の使者・鉄人28号(OP),ギミック,百合川,
冨塚部屋,2026/05/03,54,J(Radio Drama Version),ジャングルDEいこう! OP,奥井雅美,富居精市,
crom部屋,2026/05/03,54,【シャーロット】灼け落ちない翼／多田葵(on-cut)※ED-1,,,エミ,
芝ちゃん部屋,2026/05/03,54,ハッピーチューニング【パート分け有】,アイカツ!×プリパラ THE MOVIE -出会いのキセキ!- Tm,るか、りえ、みき、真中らぁら(茜屋日海夏)、南みれぃ(芹澤優)、北条そふぃ(久保田未夢),芝ちゃん,
冨塚部屋,2026/05/03,54,勝利のマシンロボ_子門真人,マシンロボ クロノスの大逆襲 OP2,2CH,ペプシ,
冨塚部屋,2026/05/03,53,刻ト詩,サクラノ刻 -櫻の森の下を歩む- OP,Luna,SRK,
crom部屋,2026/05/03,53,【機械じかけのマリー】Cross heart 偽りのない気持ち (duet ver.)／マリー(東山奈央)&マリー2(小清水亜美)(on-ﾏﾘｰ2on-ﾏﾘonｰoff)※ED[2ﾊﾟｰﾄセリフ入り]crm,,,crom,
芝ちゃん部屋,2026/05/03,53,【霧尾ファンクラブ】 [OP] FANCLUB ／ Skirt & ODD Foot Works ※パート分け無し暫定 bb311 (On-Off),,,ブルーベリー,
冨塚部屋,2026/05/03,53,闘いの詩,ぱちんこCR 聖戦士ダンバイン IN,THE NEUTRAL,ジョージ,
冨塚部屋,2026/05/03,52,lighthouse,魔法少女まどか☆マギカ Magia Exedra,FictionJunction feat. LINO LEIA,タカヒロ,
crom部屋,2026/05/03,52,【Sランクモンスターのベヒーモスだけど、猫と間違われてエルフ娘の】リミー／ぽかぽかイオン 東山×安野(on-UVRchorus-nao-kiyo-cut)※ED[2パート]crm,,,crom,naiさんいけます？ 東山やります
芝ちゃん部屋,2026/05/03,52,【LIAR GAME ライアーゲーム】「あぶく」[Op][ヨルシカ][アニメ][悠季](On-Off),,,ゆに,
冨塚部屋,2026/05/03,52,Princess Rose,おとぎ銃士 赤ずきん OP 2,田村ゆかり,ヒロ,
冨塚部屋,2026/05/03,51,It's Just Love!〈TV SIZE VERSION〉,新機動戦記ガンダムW ED,大石ルミ,富居精市,
crom部屋,2026/05/03,51,【サイレント・ウィッチ 沈黙の魔女の隠しごと】[ED]mild days／羊文学(On-Cut)【naoo】,,,エミ,
芝ちゃん部屋,2026/05/03,51,Kill or Kiss,マリッジトキシン OP,平手友梨奈,団長,
冨塚部屋,2026/05/03,51,ガリアン・ワールド (機甲界ガリアン_OP) EUROX (2ch_VC_ON) UVR online版,か,,富居精市,
冨塚部屋,2026/05/03,50,アルカンシェル,転生王女と天才令嬢の魔法革命 OP,花たん,ヒロ,
crom部屋,2026/05/03,50,[Particle Effect／麻枝 准×やなぎなぎ]ヘブンバーンズレッド[on-off],,,nai,
芝ちゃん部屋,2026/05/03,50,TIMELESS POWER feat. MOTSU【DUO][PV]】,MFゴースト,,SRK,
冨塚部屋,2026/05/03,50,ウキウキパラダイス,みいファぷー(OP),米良美一,百合川,
冨塚部屋,2026/05/03,49,Unravel Sky【60fps】,アンラベル・トリガー OP,佐咲紗花,SRK,
crom部屋,2026/05/03,49,【異世界のんびり農家２】[OP]／It’s a beautiful story／ルールーシー＝ルー(CV.下地紫野)＆ティア(CV.洲崎綾)／On-Off,,,crom,いける人いればー　onで
芝ちゃん部屋,2026/05/03,49,ボクたちにあるもの,うえきの法則 Ed,朴璐美,芝ちゃん,
冨塚部屋,2026/05/03,49,飛べ!グロイザーX,グロイザーX_OP,池田鴻,ペプシ,
冨塚部屋,2026/05/03,48,Rhythm Emotion [T.V.Size Version],新機動戦記ガンダムW OP,TWO-MIX,富居精市,
crom部屋,2026/05/03,48,ラテラリティ (off) ヨルムンガンド PERFECT ORDER,,,エミ,
芝ちゃん部屋,2026/05/03,48,【オタクに優しいギャルはいない】 [OP] HIDE AND SEEK ／ i-dle ※パート分け無し暫定 bb312 (On-Off),,,ブルーベリー,よろしくお願いします
冨塚部屋,2026/05/03,48,憧憬と屍の道,進撃の巨人 OP,Linked Horizon,ジョージ,
冨塚部屋,2026/05/03,47,君の知らない物語,化物語 ED 1,supercell featuring nagi,タカヒロ,
crom部屋,2026/05/03,47,バイク (cut) 地球少女アルジュナ,,,nai,
芝ちゃん部屋,2026/05/03,47,部屋移動の時間です。,,,システム,
冨塚部屋,2026/05/03,47,gifted,ゴーストコンサート missing Songs In,相葉芹亜(CV:藤寺美徳)&ニコラ・テスラ(CV:佐々木崇),ヒロ,よろしくお願いします。
冨塚部屋,2026/05/03,46,葬送の旋律,ムーン・ゴースト OP,紫咲ほたる,SRK,
crom部屋,2026/05/03,46,synchronicity(cut&コーラス入-on) ／ ツバサ TOKYO REVELATIONS OVA OP ／ 牧野由依_コーラス ／ けんちぃ_017,,,crom,
芝ちゃん部屋,2026/05/03,46,カムヒア!ダイターン3,無敵鋼人ダイターン3,藤原誠,ペプシ,
冨塚部屋,2026/05/03,46,異動,,,Lお異動Jr.,異動のお時間です。
冨塚部屋,2026/05/03,45,JUST COMMUNICATION [T.V SIZE VERSION],新機動戦記ガンダムW OP,TWO-MIX,富居精市,
crom部屋,2026/05/03,45,NightmaRe【2ch off-on】(G) -SNoW -地獄少女二籠,,,エミ,
芝ちゃん部屋,2026/05/03,45,"Somewhen, Somewhere...",ライザのアトリエ2～失われた伝承と秘密の妖精～ 主題歌,クラムボン,団長,
冨塚部屋,2026/05/03,45,I'd love you to touch me(TVサイズ),Tales of Eternia THE ANIMATION ED,奥井雅美,富居精市,
冨塚部屋,2026/05/03,44,ユリイカ,終末トレインどこへいく? ED,ロクデナシ,タカヒロ,
crom部屋,2026/05/03,44,【劇場版ツバサ・クロニクル　鳥カゴの国の姫君】　アムリタ／牧野由依(on-UVRchorus-cut),,,nai,
芝ちゃん部屋,2026/05/03,44,疾風迅雷,戦姫絶唱シンフォギアXD UNLIMITED IN,風鳴翼(水樹奈々),ジョージ,
冨塚部屋,2026/05/03,44,STILL LOVE HER_TM NETWRK_CITY HUNTER劇場版SPE_(2ch)_bb042,,,ブルーベリー,
冨塚部屋,2026/05/03,43,AURA(accoustic version),∀ガンダム ED,谷村新司,富居精市,
芝ちゃん部屋,2026/05/03,43,お兄ちゃんどいて!そいつ殺せない!,ラグナロクオンライン,,百合川,
冨塚部屋,2026/05/03,43,誓い,神々の悪戯 ED,豊永利行,ゆに,
冨塚部屋,2026/05/03,42,ゼロ・イグニッション,グリザイア:ファントムトリガー OP,上杉真央,SRK,
crom部屋,2026/05/03,42,【D.C.～ダ・カーポ～】サクラサクミライコイユメ／yozuca(vc-on),,,エミ,
芝ちゃん部屋,2026/05/03,42,Pages,本好きの下剋上 領主の養女,Little Glee Monster,芝ちゃん,
冨塚部屋,2026/05/03,42,Calling【パート分ver2】,BACCANO!,ルルットリリィ,ヒロ,
冨塚部屋,2026/05/03,41,ターンAターン(opening version),∀ガンダム OP,西城秀樹,富居精市,
crom部屋,2026/05/03,41,【魔法使いの嫁】月のもう半分／AIKI & AKINO from bless4(on-UVRchorus-cut)※ED2[2パート修正4]crm,,,nai,
芝ちゃん部屋,2026/05/03,41,星獣戦隊ギンガマン,星獣戦隊ギンガマン,"希砂未竜, EVE",ペプシ,
冨塚部屋,2026/05/03,41,memories,神八剣伝 OP,angela,SRK,
冨塚部屋,2026/05/03,40,螺旋の記憶,FLOWER KNIGHT GIRL 10周年IM,川西ゆうこ,SRK,
crom部屋,2026/05/03,40,恋するココロ (off) かしまし_ガール・ミーツ・ガール(on-UVRchorus-cut),,,crom,
芝ちゃん部屋,2026/05/03,40,錬金少女メルルのうた,メルルのアトリエ～アーランドの錬金術士3～ 挿入歌,真理絵,団長,
冨塚部屋,2026/05/03,40,未来とゆう名の答え(AI),JINKI:EXTEND ED,angela,富居精市,
冨塚部屋,2026/05/03,39,銀色Horizon (TVサイズ・ヴァージョン),機動新世紀ガンダムX ED,中瀬聡美,富居精市,
crom部屋,2026/05/03,39,[うたわれるもの] Suara - 夢想歌,,,エミ,
芝ちゃん部屋,2026/05/03,39,ORBITAL BEAT【DUO】,戦姫絶唱シンフォギア,"月読調(CV:南條愛乃),暁切歌(CV:茅野愛衣)",ジョージ,
冨塚部屋,2026/05/03,39,光の天使-Children Of The Light- (幻魔大戦_主題歌) ローズマリー・バトラー (2ch_VC_ON) UVR online版,,,ブルーベリー,
crom部屋,2026/05/03,38,【true tears】リフレクティア／eufonius(off-on),,,nai,
芝ちゃん部屋,2026/05/03,38,Prologue,虫かぶり姫 OP,井口裕香,百合川,
冨塚部屋,2026/05/03,38,シャケナベイベー【Ver1 暫定版 アニメ公式 MV】,マリッジトキシン,AKASAKI,ゆに,
crom部屋,2026/05/03,37,【とんがり帽子のアトリエ】風のアンセム／Eve × suis(on-UVRchorus-cut)※OP[2ﾊﾟｰﾄ]crm,,,crom,いける人よろしくおねがいします。　onで―
芝ちゃん部屋,2026/05/03,37,恋はプリズム【パート分け有り※プレミアム版】,イチゴ哀歌～雑で生イキな妹と割り切れない兄～ Tm,あかしゆきと乙倉ゅい,芝ちゃん,
冨塚部屋,2026/05/03,37,Bubee,魔法の姉妹ルルットリリィ OP,ILLIT,ヒロ,
crom部屋,2026/05/03,36,【夏目友人帳 陸】きみのうた／安田レイ(on-off),,,エミ,
芝ちゃん部屋,2026/05/03,36,鋼鉄ジーグのうた,鋼鉄ジーグ(OP),水木一郎,ペプシ,
冨塚部屋,2026/05/03,36,真実の翼-サダメのツバサ,僕がサダメ 君には翼を OP,カヒーナ,SRK,
crom部屋,2026/05/03,35,【ある魔女が死ぬまで】Drops／坂本真綾(vcc-vc-on),,,nai,よろしくお願いします。
芝ちゃん部屋,2026/05/03,35,Phronesis,ソフィーのアトリエ ～不思議な本の錬金術士～ OP1【ガスト】,RURUTIA,団長,
冨塚部屋,2026/05/03,35,君は世界で一番に素敵な人だと思う,TYLOR The Irresponsible Captain AN EXCEPTIONAL EPISODE ひとりぼっちの戦争 Tylor's War IN,富永みーな,富居精市,
crom部屋,2026/05/03,34,この世界は僕らを待っていた (on-UVRchorus-cut) 翠星のガルガンティア,,,crom,
芝ちゃん部屋,2026/05/03,34,ルミナスゲイト,戦姫絶唱シンフォギアAXZ IN,風鳴翼(CV:水樹奈々),ジョージ,
冨塚部屋,2026/05/03,34,_飯島真理,超時空要塞マクロス 愛・おぼえていますか 主題歌_愛・おぼえていますか ロングバージョン,4CH,ブルーベリー,
crom部屋,2026/05/03,33,【翠星のガルガンティア】空とキミのメッセージ／ChouCho(2ch),,,エミ,
芝ちゃん部屋,2026/05/03,33,バビル2世,バビル2世(OP),水木一郎,百合川,
冨塚部屋,2026/05/03,33,Kill or Kiss,マリッジトキシン OP,平手友梨奈,ゆに,
crom部屋,2026/05/03,32,アオのハコ_OP_Same Blue_Official髭男dism_2CH_OFF改,,,crom,
芝ちゃん部屋,2026/05/03,32,団地妻の誘惑Part2【完全デレギュラ版】,インゴクダンチ Tm,miko,芝ちゃん,
冨塚部屋,2026/05/03,32,RES∞NALIST,ゴーストコンサート missing Songs In,相葉芹亜(CV:藤寺美徳)、クレオパトラ(CV:日高里菜),ヒロ,
crom部屋,2026/05/03,31,【天久鷹央の推理カルテ OP】 SCOPE(cut&コーラス入-on) ／ Aimer_けんちぃ_856,,,エミ,
芝ちゃん部屋,2026/05/03,31,もののけ姫 キー変更：+1,もののけ姫,,ペプシ,
冨塚部屋,2026/05/03,31,フィニステラー,Summer Pockets OP2,鈴木このみ,SRK,
crom部屋,2026/05/03,30,HEROES／西川貴教／片田舎のおっさん、剣聖になる (MVC-On-Off),,,crom,
芝ちゃん部屋,2026/05/03,30,アスイロ,エスカ&ロジーのアトリエ OP,村川梨衣,団長,
冨塚部屋,2026/05/03,30,infinity,幻想魔伝 最遊記 IM,保志総一朗,富居精市,
crom部屋,2026/05/03,29,夏目友人帳 伍ED_茜さす_Aimer_2CH__画質UP版,,,エミ,
芝ちゃん部屋,2026/05/03,29,花は咲く～アニメスター・バージョン～,NHK東日本大震災プロジェクト テーマソング,山寺宏一&水樹奈々,ジョージ,
冨塚部屋,2026/05/03,29,アクティブ・ハート,トップをねらえ! Gun Buster OP 1,酒井法子,ブルーベリー,
crom部屋,2026/05/03,28,アークナイツ【焔燼曙明／RISE FROM EMBER】 (off-UVRchorus-on) End of Days【ReoNa】※第３期 OP,,,crom,
芝ちゃん部屋,2026/05/03,28,インフェルノ,炎炎ノ消防隊 OP,Mrs.GREEN APPLE,百合川,
冨塚部屋,2026/05/03,28,何なんですか?,『女神「異世界転生何になりたいですか」 俺「勇者の肋骨で」,shallm,ゆに,
芝ちゃん部屋,2026/05/03,27,ちんこ大家族【だんご大家族替え歌】,CLANNAD -クラナド-元ネタ ED,,芝ちゃん,
冨塚部屋,2026/05/03,27,風のアンセム(2人パート分け),とんがり帽子のアトリエ第1話～3話編集 OP,Eve feat.suis from ヨルシカ,ヒロ,
芝ちゃん部屋,2026/05/03,26,オーブの祈り,ウルトラマンオーブ OP,水木一郎,ペプシ,
冨塚部屋,2026/05/03,26,Connect your heart【PV]】,超昂大戦 エスカレーションヒロインズ CH,飴川紫乃,SRK,
crom部屋,2026/05/03,25,Ever stay snow (cut) Snow Drop,,,エミ,
芝ちゃん部屋,2026/05/03,25,NEW DRAMA PARADISE,吸血鬼すぐ死ぬ2 OP,福山潤,団長,
冨塚部屋,2026/05/03,25,HURRY UP!,アニメ三銃士,太田貴子,富居精市,
芝ちゃん部屋,2026/05/03,24,一般曲 - DNA -Dance 'n' Amuse-／水樹奈々「NANA MIZUKI LIVE HOME 2022」『on-cut chorus-UVR-cut』※エレガ,,,ジョージ,
冨塚部屋,2026/05/03,24,夢冒険_酒井法子,アニメ三銃士 OP,2CH,ブルーベリー,よろしくお願いします
crom部屋,2026/05/03,23,【やはり俺の青春ラブコメはまちがっている】「ユキトキ」『やなぎなぎ』,,,エミ,
芝ちゃん部屋,2026/05/03,23,【姫騎士は蛮族の嫁】 [ED] シルベキコト／sajou no hana ※bb306 (On-Off),,,百合川,
冨塚部屋,2026/05/03,23,しあわせフレーバー(パート分け),メイドさんは食べるだけ ED,ARCANA PROJECT,ゆに,
芝ちゃん部屋,2026/05/03,22,はかりたい好感度【プレミアム版】,茉莉花ちゃんの好感度はぶっ壊れている Tm,千歳茉莉花(CV内田真礼),芝ちゃん,
冨塚部屋,2026/05/03,22,あぶく,LIAR GAME,ヨルシカ,ヒロ,よろしくお願いします。
crom部屋,2026/05/03,21,治癒魔法の間違った使い方 (off-UVRchours-on) Green jade【ChouCho】,,,エミ,
冨塚部屋,2026/05/03,21,異動,,,Lお異動Jr.,異動です。
芝ちゃん部屋,2026/05/03,20,Sugar Doughnuts,でこぼこ魔女の親子事情 OP,水樹奈々,ジョージ,
冨塚部屋,2026/05/03,20,Amusing Flavor,ゲーセン少女と異文化交流 ED,天城サリー,SRK,
芝ちゃん部屋,2026/05/03,19,ポップ・スナック・ジャンクなHUNNY,カナン様はあくまでチョロい ED,あおぎり高校,ヒロ,
冨塚部屋,2026/05/03,19,Safari Eyes,劇場版ダーティペア,松原みき,富居精市,
crom部屋,2026/05/03,18,【魔術師クノンは見えている OP】 ラケナリアの夢(cut&コーラス入-on) ／ ヰ世界情緒_けんちぃ_1131,,,crom,
芝ちゃん部屋,2026/05/03,18,【キルアオ】 [OP] ATTITUDE ／ aespa ※漫画MVもちょいプラス　bb309 (On-Off),,,ゆに,
冨塚部屋,2026/05/03,18,愛をとりもどせ,北斗の拳,クリスタルキング,ブルーベリー,今リメイクやっているので
crom部屋,2026/05/03,17,【伝説の勇者の伝説】「Last Inferno」『 』,,,エミ,
芝ちゃん部屋,2026/05/03,17,マイターン,シャドウバースFLAME Ed,黒羽アリス(CV小倉唯),芝ちゃん,
冨塚部屋,2026/05/03,17,夏祭り【MV】,,JITTERIN'JINN,百合川,
芝ちゃん部屋,2026/05/03,16,All for one Forever,映画プリキュアオールスターズF 挿入歌,吉武千颯・礒部花凜・北川理恵・駒形友梨・Machico・宮本佳那子,ペプシ,
冨塚部屋,2026/05/03,16,麻衣のカカカタ☆カタオモイ-梵,日常 IM,富樫美鈴,団長,
crom部屋,2026/05/03,15,ある魔女が死ぬまで (off-UVRchorus-on) 花咲く道で※手嶌葵 MV,,,エミ,
芝ちゃん部屋,2026/05/03,15,一般曲 - MY ENTERTAINMENT／水樹奈々「NANA MIZUKI LIVE HOME 2022」『on-cut chorus-UVR-cut』※エレガ,,,ジョージ,
冨塚部屋,2026/05/03,15,Pale Blaze,9-nine- Ruler's Crown ED,米倉千尋,SRK,
芝ちゃん部屋,2026/05/03,14,Hallelujah【公式アニメMV】,北斗の拳 -FIST OF THE NORTH STAR-,[Alexandros],ヒロ,
冨塚部屋,2026/05/03,14,がんばって!,ネクストキング 恋の千年王国 OP,翠玲,富居精市,
crom部屋,2026/05/03,13,ある日、お姫様になってしまった件について (off-UVRchorus-on) その瞳で【XAI】※2025 日本語吹替版 ED 編集版,,,エミ,
芝ちゃん部屋,2026/05/03,13,【左ききのエレン OP】 FUNKIN' BEAUTIFUL(cut&コーラス入-off-on) ／ ALI feat.ZORN_1215,,,ゆに,
冨塚部屋,2026/05/03,13,火の鳥,火の鳥 鳳凰編,渡辺典子,ブルーベリー,
芝ちゃん部屋,2026/05/03,12,Get No Satisfied!【パート分け有】,ワンパンマン(第3期) OP,"JAM Project,BABYMETAL",芝ちゃん,
冨塚部屋,2026/05/03,12,なんか幸せ,烈火の炎,,百合川,
crom部屋,2026/05/03,11,阿波連さんははかれない season2 (off-UVRchorus-on) トワイライト※shallm MV,,,エミ,
芝ちゃん部屋,2026/05/03,11,バトルフィーバーJ,バトルフィーバーJ,Mojo,ペプシ,
冨塚部屋,2026/05/03,11,ひとつ=運命共同体,ウルトラマニアック ED,can/goo,団長,
芝ちゃん部屋,2026/05/03,10,やぐちひとり - SUPER GENERATION／水樹奈々「NANA MIZUKI LIVE HOME 2022」『on-cut chorus-UVR-cut』※エレガ,や,,ジョージ,
冨塚部屋,2026/05/03,10,ResoNAnce,9-nine- Ruler's Crown OP,あらき,SRK,
crom部屋,2026/05/03,9,高鳴る (off) 緋色の欠片 第二章,,,エミ,
芝ちゃん部屋,2026/05/03,9,blue hour,淡島百景 OP,Hana Hope,ヒロ,
冨塚部屋,2026/05/03,9,空と海のカノン,風の大陸 IM,西脇唯,富居精市,
crom部屋,2026/05/03,8,【SI-VIS：The Sound of Heroes 第3話挿入歌】 幻想曲(アラベスク)を君に(cut&コーラス入-on) ／ SI-VIS_けんちぃ_1112,,,crom,
芝ちゃん部屋,2026/05/03,8,【愛してるゲームを終わらせたい】「リトルワールド」[Ed][PompadollS][アニメ][悠季](On-Off),,,ゆに,
冨塚部屋,2026/05/03,8,ひこうき雲,風立ちぬ ED,初音ミク,ブルーベリー,
crom部屋,2026/05/03,7,"【Angel Beats! OP】 My Soul,Your Beats!(cut&コーラス入-off-on) ／ Lia_けんちぃ_400",,,エミ,
芝ちゃん部屋,2026/05/03,7,Can't you high!【完全デレギュラ版】,人妻の唇は缶チューハイの味がして Tm,うづほ,芝ちゃん,
冨塚部屋,2026/05/03,7,bloooomin',咲-Saki- OP,Little Non,団長,
crom部屋,2026/05/03,6,【SI-VIS：The Sound of Heroes 挿入歌】 MELODEA(cut&コーラス入-on)_MV版 ／ SI-VIS_けんちぃ_1067,,,crom,
芝ちゃん部屋,2026/05/03,6,LOVEサバイバー,忍者戦士飛影,HIT BOY,ペプシ,
冨塚部屋,2026/05/03,6,君が灯してくれた光を今,29歳独身中堅冒険者の日常 OP,"HoneyWorks,Hanon",SRK,
芝ちゃん部屋,2026/05/03,5,一般曲 - Phase 21／水樹奈々「NANA MIZUKI LIVE RUNNER 2020 → 2022」『on-cut chorus-UVR-cut』,,,ジョージ,よろしくお願いします
冨塚部屋,2026/05/03,5,約束_新居昭乃,劇場アニメ_ウインダリア 主題歌,2CH,富居精市,
冨塚部屋,2026/05/03,5,歓送の歌,銀河英雄伝説(第3期) ED,小椋佳,富居精市,
成田部屋,2026/05/03,4,破滅の純情【パート分け有り】,マクロスΔ(デルタ) ED 2,ワルキューレ,test,
crom部屋,2026/05/03,4,【無職の英雄 ～別にスキルなんか要らなかったんだが～ OP】 Reincarnation(cut&コーラス入-off-on) ／ 花耶_けんちぃ_1075,,,crom,
芝ちゃん部屋,2026/05/03,4,【また殺されてしまったのですね、探偵様】「リリテアの歌(修正)」[Ed][リリテア(CV若山詩音)][アニメ][悠季](On-Off),,,ヒロ,
冨塚部屋,2026/05/03,4,風の谷のナウシカ,風の谷のナウシカ IM,安田成美,ブルーベリー,よろしくお願いします
冨塚部屋,2026/05/03,4,おっぱいがいっぱい,みんなのうた,宮村優子,芝ちゃん,
成田部屋,2026/05/03,3,一度だけの恋なら(On-Semi-Mvc-Cut)※パート分け有り,マクロスΔ(デルタ),ワルキューレ,test,
crom部屋,2026/05/03,3,【Fate Grand Order 第2部】OP2｜躍動／坂本真綾［on-off］,,,crom,
芝ちゃん部屋,2026/05/03,3,INTERNET ANGEL【アニメPV】,NEEDY GIRL OVERDOSE OP,超てんちゃん,ゆに,
冨塚部屋,2026/05/03,3,Treat or Goblins,アベノ橋魔法☆商店街 OP,林原めぐみ,団長,
冨塚部屋,2026/05/03,3,誓いはキュンと。,逃がした魚は大きかったが釣りあげた魚が大きすぎた件 OP,"HoneyWorks,鈴木愛理",芝ちゃん,
成田部屋,2026/05/03,2,no man's world【アニメ映像最終話まで】  キー変更： -2,Dr.STONE ED7,音羽-otoha-,test,
成田部屋,2026/05/03,2,【Dr.STONE SCIENCE FUTURE】［ED7］no man’s world／音羽-otoha-（On-Semi-Mvc-Off）※アニメ映像最終話まで キー変更：-2,,,test,
芝ちゃん部屋,2026/05/03,2,君を通して,彼女、お借りします In,雨宮天,芝ちゃん,
冨塚部屋,2026/05/03,2,Forever&ever,メモリーズオフ 双想 Break out of my shell [メモオフ9.5],,SRK,
冨塚部屋,2026/05/03,2,超越神力,,尊師,ヒロ,
成田部屋,2026/05/03,1,機動戦士ガンダム 水星の魔女 (spleeter-on) 祝福【YOASOBI】※Ver4 Season2 ED3（最終話 ED）,,,成田,
成田部屋,2026/05/03,1,祝福【Ver4 Season2 ED3(最終話 ED)】,機動戦士ガンダム 水星の魔女 OP1,YOASOBI,成田,
芝ちゃん部屋,2026/05/03,1,Armour Zone,仮面ライダーアマゾンズ OP,小林太郎,ペプシ,
冨塚部屋,2026/05/03,1,記憶,.hack//Liminality OP 4,See-Saw,富居精市,
冨塚部屋,2026/05/03,1,コンギョ,コンギョ,伊恵英,富居精市,
まどか部屋,2026/05/02,105,Reply【公式アニメMV】,超かぐや姫! IN,かぐや姫,りょ〜2,
まどか部屋,2026/05/02,104,まぼろしの行方【Ver2 最終話まで】,カヤちゃんはコワくない OP,ヰ世界情緒,まどか,
まどか部屋,2026/05/02,103,バーチャル・ショータイム!(2パート分け),VTuberなんだが配信切り忘れたら伝説になってた OP,心音淡雪(佐倉綾音)&シュワちゃん(佐倉綾音),yuki,
まどか部屋,2026/05/02,102,声の軌跡【Ver3】,真夜中ハートチューン ED,Soala,あきらん️,
まどか部屋,2026/05/02,101,メガネを外して【Ver2 最終話まで】,正反対な君と僕 OP,乃紫,りょ〜2,
まどか部屋,2026/05/02,100,ポップ・スナック・ジャンクなHUNNY,カナン様はあくまでチョロい ED,あおぎり高校,まどか,
まどか部屋,2026/05/02,99,【ブルーアーカイブ】「キラメクMiLieヘ」[アリス(CV田中美海) アル(CV近藤玲奈) ヒフミ(CV本渡楓) ユウカ(CV春花らん)][ON],,,yuki,
まどか部屋,2026/05/02,98,透明,氷の城壁 OP,Novelbright,あきらん️,
まどか部屋,2026/05/02,97,FANTASTIC ILLUSION(パート分け),手品先輩,I☆Ris,りょ〜2,
まどか部屋,2026/05/02,96,世界の歩き方【月詠み MV】,プロジェクトセカイ カラフルステージ! feat. 初音ミク,,まどか,
まどか部屋,2026/05/02,95,青空のラプソディ (スーパーちょろゴンず ver.),小林さんちのメイドラゴン OP,スーパーちょろゴンず,yuki,
まどか部屋,2026/05/02,94,チェキチェキ LOVE ME 有馬かな Solo Ver【第3期 有馬かな のみ編集100%動画 キャラクターソングCD Vol.5】,【推しの子】,有馬かな(CV:潘めぐみ),あきらん️,
まどか部屋,2026/05/02,93,1st Love Story(パート分け),ネトゲの嫁は女の子じゃないと思った?,Luce Twinkle Wink☆,りょ〜2,
まどか部屋,2026/05/02,92,ツナグキズナ,ヨスガノソラ ED,Team.ねこかん[猫] featuring 天乙准花,まどか,
まどか部屋,2026/05/02,91,BLOODY STREAM,ジョジョの奇妙な冒険 OP,Coda,yuki,
まどか部屋,2026/05/02,90,JOINT (ANIMAX MUSIX 2014),灼眼のシャナⅡ,川田まみ×Ray,あきらん️,
まどか部屋,2026/05/02,89,Utopia or Dystopia,ぬきたし THE ANIMATION,夢乃ゆき,りょ〜2,
まどか部屋,2026/05/02,88,疾風ザブングル,戦闘メカ ザブングル OP,串田 アキラ,まどか,
まどか部屋,2026/05/02,87,black bullet,ブラック・ブレット OP,fripSide,yuki,
まどか部屋,2026/05/02,86,ライアーヴェール,ようこそ実力至上主義の教室へ 4th Season 2年生編1学期,ZAQ,あきらん️,
まどか部屋,2026/05/02,85,Sparkling Daydream,中二病でも恋がしたい! OP,ZAQ,りょ〜2,
千秋部屋,2026/05/02,85,403☆ときめきフォーリンラブ(ゆかたん）,,,たっきー,
まどか部屋,2026/05/02,84,イロドリ,夜のクラゲは泳げない OP,カノエラナ,まどか,
千秋部屋,2026/05/02,84,665☆Cursed Lily(SCS),,,あのね,
まどか部屋,2026/05/02,83,青一色,夜のクラゲは泳げない IN,JELEE,yuki,
千秋部屋,2026/05/02,83,348☆砂のオベリスク(TP),,,ほわやん,
まどか部屋,2026/05/02,82,ってゆーか(渋谷音楽祭2025)／JELEE〔MVC-Live-CD-Off〕,っ,,あきらん️,
千秋部屋,2026/05/02,82,306★嘘(AFT),,,月見酒,
まどか部屋,2026/05/02,81,億万☆Choooo者!(渋谷音楽祭2025),ドリーム☆ジャンボ☆ガール IN,JELEE,りょ〜2,
千秋部屋,2026/05/02,81,537☆Tremolo Mellow(wm？),,,たっきー,
まどか部屋,2026/05/02,80,地上最強のエキスパートチームG.I.ジョー OP_G.I.ジョー_石原レイ_2CH,,,まどか,
千秋部屋,2026/05/02,80,338☆Troble Emotion(TC),,,あのね,
まどか部屋,2026/05/02,79,Rising Hope,魔法科高校の劣等生 OP 1,LiSA,yuki,
千秋部屋,2026/05/02,79,588☆Poppin’ Magic(はにばに),,,ほわやん,
まどか部屋,2026/05/02,78,Luminous Bloom,プリンセッション・オーケストラ Ed,花の騎士シンシア(CV.鬼頭明里)花の騎士ピュリティ(CV.伊藤美来),あきらん️,
千秋部屋,2026/05/02,78,443☆Hello Again(MM),,,月見酒,
まどか部屋,2026/05/02,77,セイシュンゼミナール【DUO3】,ぼくたちは勉強ができない OP,Study,りょ〜2,
千秋部屋,2026/05/02,77,454☆幽玄サクリファイス(2018),,,たっきー,
まどか部屋,2026/05/02,76,YOU,SHUFFLE! OP,YURIA,まどか,
千秋部屋,2026/05/02,76,677☆LOVE ME NOW(CR),,,あのね,
のんでるん部屋,2026/05/02,76,鉄腕アトム (1980版)_鉄腕アトム ANKHバージョン_ANKH_2CH,,,公園,
まどか部屋,2026/05/02,75,花の塔,リコリス・リコイル ED,さユり,yuki,
千秋部屋,2026/05/02,75,662☆Heavenly Stars(SCS),,,ほわやん,
のんでるん部屋,2026/05/02,75,[抜錨 ／Leo／need 巡音ルカ]プロジェクトセカイ[on-off],,,ポンチョ,
まどか部屋,2026/05/02,74,ALIVE【パート分け】,リコリス・リコイル OP,ClariS,あきらん️,
千秋部屋,2026/05/02,74,559☆Picnic(アプコン PTP),,,月見酒,
のんでるん部屋,2026/05/02,74,シュガーソングとビターステップ,血界戦線,,なぺ,UNISONは永遠です
まどか部屋,2026/05/02,73,Trigger【パート分け】,リコリス・リコイル IM,ClariS,りょ〜2,
千秋部屋,2026/05/02,73,043 Lovely Magic（2004）,,,たっきー,
のんでるん部屋,2026/05/02,73,SELF CONTROL!!〔2パート分け〕,ラブライブ!サンシャイン!! 劇中歌,Saint snow,にゃ〜つ,
まどか部屋,2026/05/02,72,真実の扉,ガンパレード・マーチ～新たなる行軍歌～ OP,石田燿子,まどか,
千秋部屋,2026/05/02,72,314☆涙のち晴れマーク(AFT),,,あのね,
のんでるん部屋,2026/05/02,72,教えて...!トゥインクル☆【Ver2】 キー変更：-5,スター☆トゥインクルプリキュア,吉武千颯,のんでるん,プリキュアは今日はこれでおしまい！久々に発散できました
まどか部屋,2026/05/02,71,裏切り者のレクイエム,ジョジョの奇妙な冒険 黄金の風 OP2,ハセガワダイスケ,yuki,
千秋部屋,2026/05/02,71,590☆Sweet alert(はにばに),,,ほわやん,
のんでるん部屋,2026/05/02,71,HEATS 2021,ゲッターロボ アーク ED3,影山ヒロノブ,公園,
まどか部屋,2026/05/02,70,しあわせフレーバー【パート分け】,メイドさんは食べるだけ ED,ARCANA PROJECT,あきらん️,
千秋部屋,2026/05/02,70,196 おしえて A to Z(2012）,,,月見酒,
のんでるん部屋,2026/05/02,70,DAYBREAK FRONTLINE【4thライブ映像】 キー変更：-2,プロジェクトセカイ カラフルステージ! feat. 初音ミク,Vivid BAD SQUAD,ポンチョ,
まどか部屋,2026/05/02,69,ゼンセカイ歌姫宣言,プリンセッション・オーケストラ In,オルケリア,りょ〜2,
千秋部屋,2026/05/02,69,A156 ラムのラブソング(120600mAh connect to THE冠),,,たっきー,
のんでるん部屋,2026/05/02,69,魔法使いサリー,魔法使いサリー(1966年版) Op,ダイヤモンド・シスターズ・薗田憲一とデキシーキングス,なぺ,ヤンバラ ヤンヤンヤ〜
まどか部屋,2026/05/02,68,【シュヴァルツェスマーケン】「white forces」『fripside』(spleeter-on),,,まどか,
千秋部屋,2026/05/02,68,061　バンビーノ・バンビーナ（ゆかりちゃん祭り）,,,あのね,
のんでるん部屋,2026/05/02,68,ALIVE～祈りの唄～【アニメ映像・パート分け有り】,劇場版マクロスΔ 絶対LIVE!!!!!! IN,ワルキューレ,にゃ〜つ,りんごのうた...泣ける... ワルキューレ 終わり...か⁉︎
まどか部屋,2026/05/02,67,飛竜の騎士,最弱無敗の神装機竜 OP,TRUE,yuki,
千秋部屋,2026/05/02,67,318☆Darling Darling(AFT),,,ほわやん,
のんでるん部屋,2026/05/02,67,パぺピプ☆ロマンチック キー変更：-4,スター☆トゥインクルプリキュア,吉武千颯,のんでるん,
まどか部屋,2026/05/02,66,【逃がした魚は大きかったが釣りあげた魚が大きすぎた件 ED】 DEAD OR LOVE(cut&コーラス入-on) ／ 吉乃_けんちぃ_1254,,,あきらん️,
千秋部屋,2026/05/02,66,468☆Moonlight secret(2015),,,月見酒,
のんでるん部屋,2026/05/02,66,STORM【パート分け】,真ゲッターロボ対ネオゲッターロボ,JAM Project featuring 水木一郎&影山ヒロノブ,公園,
まどか部屋,2026/05/02,65,over and over,ダンジョンに出会いを求めるのは間違っているだろうかⅢ OP,井口裕香,りょ〜2,
千秋部屋,2026/05/02,65,720☆Wonder habit(WH New),,,たっきー,
のんでるん部屋,2026/05/02,65,[ラヴィ／25時、ナイトコードで]プロジェクトセカイ[on-off] キー変更：-5,,,ポンチョ,
まどか部屋,2026/05/02,64,KODO,魔法少女特殊戦あすか OP,nonoc,まどか,
千秋部屋,2026/05/02,64,453☆mon cheri(2015),,,あのね,
のんでるん部屋,2026/05/02,64,団地でDAN!RAN!,団地ともお,怒髪天feat.キヨサク(MONGOL800),なぺ,モンパチの人！？
まどか部屋,2026/05/02,63,Great Days,ジョジョの奇妙な冒険 ダイヤモンドは砕けない,青木カレン、ハセガワダイスケ,yuki,
千秋部屋,2026/05/02,63,392☆惑星のランデブー(CC),,,ほわやん,
のんでるん部屋,2026/05/02,63,ワルキューレは裏切らない【パート有・マクロスデルタ】,劇場版マクロスΔ 激情のワルキューレ,ワルキューレ,にゃ〜つ,
まどか部屋,2026/05/02,62,ヒトリゴト,ポンコツ風紀委員とスカート丈が不適切なJKの話 OP,osage,あきらん️,
千秋部屋,2026/05/02,62,556☆Prince On A Star ~Princess Whispers~(アプコン PTP),,,月見酒,
のんでるん部屋,2026/05/02,62,キラリ☆彡スター☆トゥインクルプリキュア(5PRECURE Ver.)【Ver2】 キー変更：-5,スター☆トゥインクルプリキュア,成瀬瑛美,のんでるん,
まどか部屋,2026/05/02,61,灼熱 Bonfire!,BanG Dream! ガールズバンドパーティ! IM,RAISE A SUILEN,りょ〜2,
千秋部屋,2026/05/02,61,551☆fantasia(アプコン PTP),,,たっきー,
のんでるん部屋,2026/05/02,61,NIGHT OF FIRE,頭文字D,NIKO,公園,
まどか部屋,2026/05/02,60,Spread Wings.,俺たちに翼はない OP,美郷あき,まどか,
千秋部屋,2026/05/02,60,688☆Princess Rose(DMC LV 4.1-30),,,あのね,
のんでるん部屋,2026/05/02,60,ray 超かぐや姫! Version【パート分け】 キー変更：-5,超かぐや姫! ED,月見ヤチヨ(早見沙織)&かぐや(夏吉ゆうこ),ポンチョ,
まどか部屋,2026/05/02,59,Absolute Soul,アブソリュート・デュオ OP,鈴木このみ,yuki,
千秋部屋,2026/05/02,59,538☆ケセラセラ(wm？),,,ほわやん,
のんでるん部屋,2026/05/02,59,夢現妄想世界,BanG Dream!,夢限大みゅーたいぷ,なぺ,
まどか部屋,2026/05/02,58,Petals,春夏秋冬代行者 春の舞 OP,"Orangestar,夏背",あきらん️,
千秋部屋,2026/05/02,58,346☆デイジー・ブルー(TP),,,月見酒,
のんでるん部屋,2026/05/02,58,絶対零度θノヴァティック,マクロスΔ,ワルキューレ,にゃ〜つ,
まどか部屋,2026/05/02,57,大和撫子エデュケイション(パート分け),生徒会役員共,トリプルブッキング,りょ〜2,
千秋部屋,2026/05/02,57,686☆100CARAT HEART(FFC),,,たっきー,
のんでるん部屋,2026/05/02,57,ひろがるスカイ!プリキュア ～Hero Girls～ キー変更：-5,ひろがるスカイ!プリキュア,石井あみ,のんでるん,
千秋部屋,2026/05/02,56,307☆Pink Pygmalion(AFT),,,あのね,
まどか部屋,2026/05/02,56,【ソードアート・オンライン オルタナティブ ガンゲイル・オンライン】流星(V3さん用)／藍井エイル(off-on),,,まどか,
のんでるん部屋,2026/05/02,56,ゲッターロボ!,ゲッターロボG,ささきいさお,公園,
千秋部屋,2026/05/02,55,761☆Sweet Trap(2018),,,ほわやん,
まどか部屋,2026/05/02,55,聖剣なんていらない,星刻の竜騎士 OP,榊原ゆい,yuki,
のんでるん部屋,2026/05/02,55,Meteor -ミーティア-,機動戦士ガンダムSEED FREEDOM,T.M.Revolution,ポンチョ,
千秋部屋,2026/05/02,54,125 恋のアゲハ（DMC）,,,月見酒,
まどか部屋,2026/05/02,54,アイデンティティ【《アニメ映像》Ver2】,約束のネバーランド,秋山黄色,あきらん️,
のんでるん部屋,2026/05/02,54,さらば～Anniversary version～,あたしンちNEXT,キンモクセイ,なぺ,こんにちは、ありがとう、さようなら
千秋部屋,2026/05/02,53,327 ☆shining rabbit(TC),,,たっきー,
まどか部屋,2026/05/02,53,Touch off,約束のネバーランド OP,UVERworld,りょ〜2,
のんでるん部屋,2026/05/02,53,破滅の純情,マクロスΔ,ワルキューレ,にゃ〜つ,
千秋部屋,2026/05/02,52,604☆Exacty(はにばに),,,あのね,
まどか部屋,2026/05/02,52,色褪せない気持ち【上杉風太郎 イメージソング】,五等分の花嫁 CH,松岡禎丞,まどか,
のんでるん部屋,2026/05/02,52,Viva! Spark!トロピカル～ジュ!プリキュア キー変更：-5,トロピカル～ジュ!プリキュア,Machico,のんでるん,
千秋部屋,2026/05/02,51,471☆Bejewel Escape(PV),,,ほわやん,
まどか部屋,2026/05/02,51,STONE OCEAN,ジョジョの奇妙な冒険 ストーンオーシャン OP,ichigo,yuki,
のんでるん部屋,2026/05/02,51,熱風!疾風!サイバスター,スーパーロボット大戦,"水木一郎, 堀江美都子, 影山ヒロノブ, MIQ",公園,
千秋部屋,2026/05/02,50,612☆Sweet Darlin(アプコン 2005),,,月見酒,
まどか部屋,2026/05/02,50,五等分の花嫁～ありがとうの花～【公式アニメMV、パート分け】,映画 五等分の花嫁 ED,中野家の五つ子,カズノコ,
のんでるん部屋,2026/05/02,50,いけないボーダーライン(ワルキューレLIVE2017映像) キー変更：-5,マクロスΔ,ワルキューレ,ポンチョ,
千秋部屋,2026/05/02,49,760☆candy smile(2005 new),,,たっきー,
まどか部屋,2026/05/02,49,誠-BUSHIDO HERO-魂,ゴーストコンサート missing Songs In,相葉芹亜(CV:藤寺美徳)&沖田総司(CV:熊谷健太郎),あきらん️,
のんでるん部屋,2026/05/02,49,[優木せつ菜]Burn!!,,,なぺ,ノリノリで楽しいヤツ
まどか部屋,2026/05/02,48,君じゃなきゃダメみたい,月刊少女野崎くん OP,オーイシマサヨシ,りょ〜2,
千秋部屋,2026/05/02,48,687☆passion error(FFC),,,あのね,
のんでるん部屋,2026/05/02,48,Hear The Universe,マクロスΔ,ワルキューレ,にゃ〜つ,
ヒロ部屋,2026/05/02,47,【自動販売機に生まれ変わった俺は迷宮を彷徨う_3rd  キー変更： -4,4」[Ed][FUWAMOCO][アニメ][悠季](On-Off),season】「めくるめくランデヴー(パート分け)修正,ゆーき,修正前に現象確認()
まどか部屋,2026/05/02,47,メルト CPK! Remix (かぐや ver.),超かぐや姫,かぐや(CV:夏吉ゆうこ),まどか,
千秋部屋,2026/05/02,47,280☆I Do 愛（SSL),,,ほわやん,
のんでるん部屋,2026/05/02,47,ダンボールの神様,銀魂 劇中歌,MADAO(CV.立木文彦),のんでるん,ノリだけで作ったので歌っとく
ヒロ部屋,2026/05/02,46,シルベ【Ver2 最終話まで】,勇者パーティを追い出された器用貧乏 OP,常闇トワ,NISHI,
まどか部屋,2026/05/02,46,courage,ソードアート・オンラインII OP,戸松遥,yuki,
千秋部屋,2026/05/02,46,141 星屑スパイラル（2010）,,,月見酒,
のんでるん部屋,2026/05/02,46,HEART OF SWORD～夜明け前～,るろうに剣心-明治剣客浪漫譚-,T.M.Revolution,公園,
ヒロ部屋,2026/05/02,45,※注意※パロディ動画です【機動戦士ガンダムジークアクス】plazma_米津玄師_on-off_bb105,-,,ブルーベリー,よろしくお願いします
まどか部屋,2026/05/02,45,ドスケベ音頭,ぬきたし The Animation,女部田郁子(井ノ上奈々),あきらん️,
千秋部屋,2026/05/02,45,618☆Snow bird(アプコン 2005),,,たっきー,
のんでるん部屋,2026/05/02,45,【プロジェクトセカイ カラフルステージ！ feat. 初音ミク】「幽霊東京」[Vivid BAD SQUAD×KAITO][ON-OFF],,,ポンチョ,
ヒロ部屋,2026/05/02,44,月に向かって撃て,真夜中ハートチューン OP,星街すいせい,ヒロ,
まどか部屋,2026/05/02,44,Broken Sky【Ver2】,無能なナナ OP,富田美憂,カズノコ,
千秋部屋,2026/05/02,44,020　上弦の月（2008）,,,あのね,
のんでるん部屋,2026/05/02,44,快盗Vを見逃すな【パート分け】,アイドルマスターシャイニーカラーズ,放課後クライマックスガールズ,なぺ,
ヒロ部屋,2026/05/02,43,【最後にひとつだけお願いしてもよろしいでしょうか】[op]戦場の華／CHiCO with HoneyWorks(On-Off) bb203,-,,みぃちゃん,
まどか部屋,2026/05/02,43,零【Ver1 暫定版 アニメ公式 MV】,リィンカーネーションの花弁,Sizuk,あきらん️,
千秋部屋,2026/05/02,43,515☆Fanfare(wm？),,,ほわやん,
のんでるん部屋,2026/05/02,43,チェンジ!!!!!【パート分け有・音源追加】,劇場版マクロスΔ 激情のワルキューレ,ワルキューレ,にゃ〜つ,
ヒロ部屋,2026/05/02,42,ビビデバ  キー変更： -4,ホロライブ IM,星街すいせい,チー牛,
まどか部屋,2026/05/02,42,Dystopia【Ver2】,冰剣の魔術師が世界を統べる OP,Sizuk,りょ〜2,
千秋部屋,2026/05/02,42,347☆Lost Sequence(TP),,,月見酒,
のんでるん部屋,2026/05/02,42,ヒーリングっど♥プリキュア Touch!! ～Precure Quartet Ver～ (OnVocal) キー変更：-5,ひ,,のんでるん,
ヒロ部屋,2026/05/02,41,君が灯してくれた光を今  キー変更： -4,29歳独身中堅冒険者の日常 OP,"HoneyWorks,Hanon",ゆーき,
まどか部屋,2026/05/02,41,リフレイン【第4話まで】,レプリカだって、恋をする。 OP,シャイトープ,まどか,
千秋部屋,2026/05/02,41,740☆スパークリング☆トラベラー(CR),,,たっきー,
のんでるん部屋,2026/05/02,41,創聖のアクエリオン,創聖のアクエリオン,AKINO,公園,ゴー！！アクエリオーーーン！！
ヒロ部屋,2026/05/02,40,,,,ヒロ,
まどか部屋,2026/05/02,40,SHINY DAYS【2024 1225 結束バンドのきららアニソン歌ってみた CD】,ゆるキャン△ OP,亜咲花,カズノコ,
千秋部屋,2026/05/02,40,216 アンドロメダまで1hour(2012),,,あのね,
のんでるん部屋,2026/05/02,40,なぜ?謎?!ANSWER,名探偵プリキュア!,熊田茜音 増井優花,なぺ,森亜るるかさん、推しです！
ヒロ部屋,2026/05/02,39,Storayseeker,転生したらスライムだった件2期 ED,Stereodivefoundation,みぃちゃん,
まどか部屋,2026/05/02,39,lulu.,葬送のフリーレン(第2期) OP,Mrs.GREEN APPLE,あきらん️,
千秋部屋,2026/05/02,39,466☆ラブラブベイビーハッピースター(2015),,,ほわやん,
のんでるん部屋,2026/05/02,39,NEO STREAM,マクロスΔ,ワルキューレ,にゃ〜つ,
ヒロ部屋,2026/05/02,38,クスシキ,薬屋のひとりごと,Mrs. GREEN APPLE,チー牛,
まどか部屋,2026/05/02,38,人誑し/ひとたらし【Ver1 アニメ公式 MV】,あかね噺,桑田佳祐,りょ〜2,
千秋部屋,2026/05/02,38,756☆エアシューター(2006),,,月見酒,
のんでるん部屋,2026/05/02,38,Let's!フレッシュプリキュア! キー変更：-5,フレッシュプリキュア!,茂家瑞季,のんでるん,
冨塚部屋,2026/05/02,38,あなたの記憶の中で,花束を君に贈ろう -Kinsenka- OP,上杉真央,SRK,
ヒロ部屋,2026/05/02,37,Signalize!【パート有】,アイカツ! アイドルカツドウ! OP 1,"わか,ふうり,すなお",cp,
まどか部屋,2026/05/02,37,あぶく,LIAR GAME,ヨルシカ,まどか,
千秋部屋,2026/05/02,37,652☆DANZEN!ふたりはプリキュア （アニサマ2009）,,,たっきー,
のんでるん部屋,2026/05/02,37,そばかす,るろうに剣心-明治剣客浪漫譚-,JUDY AND MARY,公園,
冨塚部屋,2026/05/02,37,HUMAN TOUCH (TVサイズ・ヴァーション),機動新世紀ガンダムX ED,re-kiss,富居精市,
ヒロ部屋,2026/05/02,36,【スノウボールアース】 [OP] 零-zero-／tuki ※bb303 (On-Off),-,,ブルーベリー,
まどか部屋,2026/05/02,36,ラピスラズリ【Animelo Summer Live 2018 OK!】,アルスラーン戦記 ED 1,藍井エイル,カズノコ,
千秋部屋,2026/05/02,36,159 眠れぬ夜につかまえて（2004）,,,あのね,
のんでるん部屋,2026/05/02,36,LOVE! THUNDER GROW,マクロスΔ,ワルキューレ,にゃ〜つ,
冨塚部屋,2026/05/02,36,孤籠の鶫,廃村少女[弐] OP,"霜月はるか,solfa",SRK,
ヒロ部屋,2026/05/02,35,【霧尾ファンクラブ】 [OP] FANCLUB ／ Skirt & ODD Foot Works ※パート分け無し暫定 bb311 (On-Off),-,,ヒロ,
まどか部屋,2026/05/02,35,風のアンセム(2人パート分け),とんがり帽子のアトリエ第1話～3話編集 OP,Eve feat.suis from ヨルシカ,あきらん️,
千秋部屋,2026/05/02,35,605☆期待しないで(はにばに),,,ほわやん,
のんでるん部屋,2026/05/02,35,Dokkin♢魔法つかいプリキュア!part2【Ver3】 キー変更：-5,魔法つかいプリキュア!,北川理恵,のんでるん,
冨塚部屋,2026/05/02,35,HUMAN TOUCH (TVサイズ・ヴァーション),機動新世紀ガンダムX ED,Warren Wiebe,富居精市,
ヒロ部屋,2026/05/02,34,おう_王様ゲーム The Animation_Pile_Lost Paradise__1_yo_off-on_st_,お,,みぃちゃん,閲覧注意⚠️
まどか部屋,2026/05/02,34,ラブ☆バケーション【Ver2 ALL劇場版映像 劇場版 挿入歌】,映画 五等分の花嫁 IN,中野二乃(CV:竹達彩奈),りょ〜2,
千秋部屋,2026/05/02,34,165 Berry Very Good Love（2004）,,,月見酒,
のんでるん部屋,2026/05/02,34,ロマンス,セクシーコマンドー外伝 すごいよ!!マサルさん,,公園,
冨塚部屋,2026/05/02,34,Dawning sky,百千の定にかわたれし剋 ED,Ayumi.,SRK,
千秋部屋,2026/05/02,33,423 ☆You& Me(2018),,,たっきー,
ヒロ部屋,2026/05/02,33,仮装狂騒曲(パート分け有)  キー変更： -4,学園アイドルマスター IM,初星学園,チー牛,
まどか部屋,2026/05/02,33,Blessing Chord,BanG Dream! ガールズバンドパーティ! IM,Roselia,まどか,
のんでるん部屋,2026/05/02,33,涙目爆発音,マクロスΔ,ワルキューレ,にゃ〜つ,
冨塚部屋,2026/05/02,33,【スレイヤーズTRY】【ED】【don't be discouraged(TV Size)】【林原めぐみ】【off-on】.mp4,,,富居精市,
千秋部屋,2026/05/02,32,410☆Fantastic future(CC),,,あのね,
ヒロ部屋,2026/05/02,32,アイスキャンディー,かみちゅ! ED,MAKO,cp,
まどか部屋,2026/05/02,32,壱雫空,BanG Dream! It's MyGO!!!!! OP,MyGO!!!!!,カズノコ,
のんでるん部屋,2026/05/02,32,プリキュア・メモリ キー変更：-4,ハピネスチャージプリキュア!,吉田仁美,のんでるん,
冨塚部屋,2026/05/02,32,Riot crimson,百千の定にかわたれし剋 OP,佐咲紗花,SRK,
千秋部屋,2026/05/02,31,532☆Super Special Smiling Shy girl(wm？),,,ほわやん,
ヒロ部屋,2026/05/02,31,【キルアオ】 [OP] ATTITUDE ／ aespa ※漫画MVもちょいプラス　bb309 (On-Off),-,,ブルーベリー,練習ー
まどか部屋,2026/05/02,31,Symbol II:Air【公式MV】,BanG Dream!,Ave Mujica,あきらん️,
のんでるん部屋,2026/05/02,31,1/3の純情な感情,るろうに剣心-明治剣客浪漫譚-,SIAM SHADE,公園,
冨塚部屋,2026/05/02,31,【スレイヤーズTRY】【OP】【Breeze (TV Size)】【林原めぐみ】【off-on】.mp4,,,富居精市,
千秋部屋,2026/05/02,30,401☆メタウサ姫～黒ゆかり王国ミサ～(CC),,,月見酒,
ヒロ部屋,2026/05/02,30,リフレイン【第3話まで】,最遊記RELOAD BLAST ED,ラックライフ,ヒロ,
まどか部屋,2026/05/02,30,Symbol I:△【公式MV】,BanG Dream!,Ave Mujica,りょ〜2,
のんでるん部屋,2026/05/02,30,ジリティックBEGINNER,マクロスΔ,レイナ&マキナ(from ワルキューレ),にゃ〜つ,
冨塚部屋,2026/05/02,30,月下擾乱ヒロイズム,超昂大戦 エスカレーションヒロインズ OP2,仲村芽衣子,SRK,
千秋部屋,2026/05/02,29,297★桃色片思い(ゆかたん）,,,たっきー,
ヒロ部屋,2026/05/02,29,【氷の城壁】[OP]透明／Novelbright〔MVC-On-Off〕,-,,みぃちゃん,
まどか部屋,2026/05/02,29,Cusp,黒猫と魔女の教室,ASCA,まどか,
のんでるん部屋,2026/05/02,29,Let's go!スマイルプリキュア!【Ver3】 キー変更：-5,スマイルプリキュア!,池田彩,のんでるん,
冨塚部屋,2026/05/02,29,いとおしい人のために(TV SIZE),ふしぎ遊戯 OP,佐藤朱美,富居精市,
千秋部屋,2026/05/02,28,127　Spiritual Garden（DMC）,,,あのね,
ヒロ部屋,2026/05/02,28,怪獣,チ。 ―地球の運動について― OP,サカナクション,チー牛,
まどか部屋,2026/05/02,28,Shocking Blue【Animelo Summer Live 2018 OK!】,武装少女マキャヴェリズム OP,伊藤美来,カズノコ,
のんでるん部屋,2026/05/02,28,マジンガーZ,マジンガーZ OP,水木一郎,公園,
冨塚部屋,2026/05/02,28,はよ、New World.【PV]】,ハミダシクリエイティブ ED,櫻川めぐ,SRK,
千秋部屋,2026/05/02,27,440☆Catch me Cats me(MM),,,ほわやん,
ヒロ部屋,2026/05/02,27,ハートにヒント!名探偵プリキュア!【Ver2】,名探偵プリキュア! OP,石井あみ,cp,
まどか部屋,2026/05/02,27,ノーザンクロス【パート分け有】,マクロスF ED 2,May'n,あきらん️,
のんでるん部屋,2026/05/02,27,Silent Hacker,マクロスΔ,ワルキューレ,にゃ〜つ,
冨塚部屋,2026/05/02,27,果てのない旅,最弱テイマーはゴミ拾いの旅を始めました,鈴木愛奈,タカヒロ,
千秋部屋,2026/05/02,26,616☆Sweetest Love(アプコン 2005),,,月見酒,
ヒロ部屋,2026/05/02,26,【オタクに優しいギャルはいない】 [OP] HIDE AND SEEK ／ i-dle ※パート分け無し暫定 bb312 (On-Off),-,,ブルーベリー,練習ー
まどか部屋,2026/05/02,26,僕らの戦場【アニメ映像ver2.0・パート分け有り】,マクロスΔ(デルタ) IN 第4話、第9話、第18話、第22話、第26話,ワルキューレ,りょ〜2,
のんでるん部屋,2026/05/02,26,【怪傑ズバット(OP)】[地獄のズバット]「水木一郎」(On-Off)(百合川),,,のんでるん,
冨塚部屋,2026/05/02,26,I'd love you to touch me(TVサイズ),Tales of Eternia THE ANIMATION ED,奥井雅美,富居精市,
千秋部屋,2026/05/02,25,383☆My life is great(ゆかたん),,,たっきー,
ヒロ部屋,2026/05/02,25,【あかね噺】 [OP] 人誑し ひとたらし／桑田佳祐 ※アニメMV＋ちょい編集 bb292 (On-Off),-,,ヒロ,
まどか部屋,2026/05/02,25,シルベ(最終話反映),勇者パーティを追い出された器用貧乏 OP,常闇トワ,まどか,
のんでるん部屋,2026/05/02,25,ゆけゆけ飛雄馬,巨人の星 OP,アンサンブル・ポッカ,公園,
冨塚部屋,2026/05/02,25,Story of the Euphalia【PV]】,ANGELICA ASTER OP,夢乃ゆき,SRK,
千秋部屋,2026/05/02,24,646☆微笑みのプルマージュ（リリパ）,,,あのね,
ヒロ部屋,2026/05/02,24,【薫る花は凛と咲く】[OP]まなざしは光／キタニタツヤ (on-off) ※bb181,-,,みぃちゃん,
まどか部屋,2026/05/02,24,High Free Spirits【Trysail パート分けあり 劇場版劇中歌】,ハイスクール・フリート OP,TrySail,カズノコ,
のんでるん部屋,2026/05/02,24,"ルンがピカッと光ったら【ワルキューレLIVE2017映像,フレイアソロver】",マクロスΔ(デルタ),ワルキューレ,にゃ〜つ,
冨塚部屋,2026/05/02,24,空にかける橋(TVサイズ),Tales of Eternia THE ANIMATION OP,奥井雅美,富居精市,
千秋部屋,2026/05/02,23,702☆ワームホール・バスストップ(WH),,,ほわやん,
ヒロ部屋,2026/05/02,23,なは_隠の王_VELTPUNCH_CRAWL__1_yo_off-on_st_,な,,チー牛,
まどか部屋,2026/05/02,23,絵空事【Ver1 暫定版】,転生したらスライムだった件 第4期 OP,藍井エイル,あきらん️,
のんでるん部屋,2026/05/02,23,Happy Go Lucky!ドキドキ!プリキュア【Ver3】 キー変更：-5,ドキドキ!プリキュア,黒沢ともよ,のんでるん,
冨塚部屋,2026/05/02,23,with -another summer ver.-,Summer Pockets CH,稗田寧々,SRK,
千秋部屋,2026/05/02,22,737☆さよならをおしえて(FFC New),,,月見酒,
ヒロ部屋,2026/05/02,22,【日本三國】 [OP] 火種／キタニタツヤ ※bb300 (On-Off),-,,ブルーベリー,よろしくお願いします
まどか部屋,2026/05/02,22,チャオチャオ【Ciao Ciao】,一畳間まんきつ暮らし,Sophià la Mode,りょ〜2,
のんでるん部屋,2026/05/02,22,FIND THE WAY,機動戦士ガンダムSEED,,公園,
冨塚部屋,2026/05/02,22,MIND EDUCATION[Short Version],新機動戦記ガンダムW BLIND TARGET OP,Misty Eyes,富居精市,
まどか部屋,2026/05/02,21,Another colony,転生したらスライムだった件 ED 1,TRUE,カズノコ,
千秋部屋,2026/05/02,21,421☆HITOME VOLTAGE(2018),,,たっきー,
のんでるん部屋,2026/05/02,21,暁の車,機動戦士ガンダムSEED -遥かなる暁-,,にゃ〜つ,
ヒロ部屋,2026/05/02,21,飛ぶ時,黄泉のツガイ OP,Vaundy,ヒロ,よろしくお願いします。
冨塚部屋,2026/05/02,21,咲き堕つは昏き水底,顔のない月 -待宵の双椿- OP,Faylan,SRK,
まどか部屋,2026/05/02,20,木漏れ日坂,クジマ歌えば家ほろろ,Galileo Galilei,まどか,
千秋部屋,2026/05/02,20,078　大好きと涙（PTP）,,,あのね,
のんでるん部屋,2026/05/02,20,Alright!ハートキャッチプリキュア!【Ver2】 キー変更：-5,ハートキャッチプリキュア!,池田彩,のんでるん,
ヒロ部屋,2026/05/02,20,,,,ヒロ,
冨塚部屋,2026/05/02,20,私らしく(TVサイズ),機動戦艦ナデシコ ED,桑島法子,富居精市,
ヒロ部屋,2026/05/02,19,チャオチャオ【Ciao Ciao】,一畳間まんきつ暮らし,Sophià la Mode,ヒロ,
まどか部屋,2026/05/02,19,よわよわ つよつよ みにみに こわこわ【パート分け】,よわよわ先生 ED,"鶸村ひより(CV:高野麻里佳),椋林瑞希(CV:伊駒ゆりえ),雪下祐樹(CV:篠原侑)",あきらん️,
千秋部屋,2026/05/02,19,A114 この指とまれ,,,ほわやん,
のんでるん部屋,2026/05/02,19,FREEDOM【《公式アニメMV》】,機動戦士ガンダムSEED FREEDOM 主題歌,西川貴教 with t.komuro,公園,
冨塚部屋,2026/05/02,19,シルベ,勇者パーティを追い出された器用貧乏 OP,常闇トワ,タカヒロ,
ヒロ部屋,2026/05/02,18,【また殺されてしまったのですね、探偵様】「リリテアの歌」[Ed][リリテア(CV若山詩音)][アニメ][悠季](On-Off)  キー変更： -2,,,ゆーき,字幕テスト
まどか部屋,2026/05/02,18,初恋モーメント,カナン様はあくまでチョロい OP,Faulieu.,りょ〜2,
千秋部屋,2026/05/02,18,A260 もうひとりの私（非ライブ 写真のみ）,,,月見酒,
のんでるん部屋,2026/05/02,18,Diva in Abyss【《ワルキューレLIVE2022映像》パート分け有】,劇場版マクロスΔ 絶対LIVE!!!!!! IN,Yami_Q_ray,にゃ〜つ,
冨塚部屋,2026/05/02,18,YOU GET TO BURNING(TVサイズ),機動戦艦ナデシコ OP,松澤由実,富居精市,
ヒロ部屋,2026/05/02,17,晴れのちハレ!  キー変更：+5,かみちゅ! OP,富田麻帆,チー牛,
まどか部屋,2026/05/02,17,MONSTER,ようこそ実力至上主義の教室へ 4th Season 2年生編1学期,藍井エイル,まどか,
千秋部屋,2026/05/02,17,A106 お気に召すまま,,,たっきー,
のんでるん部屋,2026/05/02,17,"LAST IMPRESSION【公式MV,前奏バラード無しVer.】 キー変更：-5",新機動戦記ガンダムW Endless Waltz 特別篇 主題歌,TWO-MIX,のんでるん,
冨塚部屋,2026/05/02,17,Hesitation Snow -version 2024-【DUO]】,はつゆきさくら IM,fripSide,SRK,
ヒロ部屋,2026/05/02,16,Ignis -イグニス-【最終話まで】,炎炎ノ消防隊 参ノ章 OP6,西川貴教,NISHI,
まどか部屋,2026/05/02,16,サウンドスケープ,響け!ユーフォニアム2 OP,TRUE,カズノコ,
千秋部屋,2026/05/02,16,A227 童話迷宮 (cut) おとぎ銃士 赤ずきん,,,あのね,
のんでるん部屋,2026/05/02,16,It's Just Love!,新機動戦記ガンダムW,,公園,
冨塚部屋,2026/05/02,16,禁断のパンセ,SILENT MÖBIUS OP,石塚早織,タカヒロ,
ヒロ部屋,2026/05/02,15,コンパスは透明,最強の職業は勇者でも賢者でもなく鑑定士(仮)らしいですよ? OP,緑仙,ヒロ,
まどか部屋,2026/05/02,15,Hallelujah【サザンクロス編】,北斗の拳 -FIST OF THE NORTH STAR-,[Alexandros],あきらん️,
千秋部屋,2026/05/02,15,203 めてお☆いんぱくと（full ver）,,,ほわやん,
のんでるん部屋,2026/05/02,15,ワルキューレがとまらない(MAD映像),マクロスΔ,ワルキューレ,にゃ〜つ,
冨塚部屋,2026/05/02,15,naked mind〈ON AIR Size〉,スレイヤーズN・EX. OP,奥井雅美,富居精市,
ヒロ部屋,2026/05/02,14,【LIAR_GAMEライアーゲーム】「朝日」[Ed][Lucky Kilimanjaro][アニメ][悠季](On-Off),-,,ゆーき,字幕テスト
まどか部屋,2026/05/02,14,君だったから【パート分け】,五等分の花嫁 5周年,中野家の五つ子,りょ〜2,
千秋部屋,2026/05/02,14,514★レゾンデートルの鍵★(アコステ FFC),,,月見酒,
のんでるん部屋,2026/05/02,14,Miracle Go!プリンセスプリキュア【Ver4】 キー変更：-5,Go!プリンセスプリキュア,礒部花凜,のんでるん,
冨塚部屋,2026/05/02,14,無限回廊,ひぐらしのなく頃に,古手梨花(田村ゆかり),タカヒロ,
ヒロ部屋,2026/05/02,13,0843_コードレス☆照れ☆PHONE～ゆかたんコンサートバージョン～(コール付き)(ミラクルガールズフェスティバル)(OffV)  キー変更：+5,-,,チー牛,
まどか部屋,2026/05/02,13,ドラマチック逃避行,灰原くんの強くて青春ニューゲーム ED,愛美,まどか,
千秋部屋,2026/05/02,13,758☆Amazing kiss(2006),,,たっきー,
のんでるん部屋,2026/05/02,13,君の中の永遠,機動武闘伝Gガンダム,,公園,
冨塚部屋,2026/05/02,13,Kick Starter,誰ソ彼のシェイプシフター OP,Rita,SRK,
ヒロ部屋,2026/05/02,12,Re:Re:,僕だけがいない街 OP,ASIAN KUNG-FU GENERATION,NISHI,
まどか部屋,2026/05/02,12,DREAM SOLISTER,響け!ユーフォニアム OP,TRUE,カズノコ,
千秋部屋,2026/05/02,12,634☆Baby’s Breath(キンスパ2024円盤),,,あのね,
のんでるん部屋,2026/05/02,12,アノーイング!さんさんウィーク!(パート分け)【ver2.5】,先輩がうざい後輩の話,楠木ともり、早見沙織、青山玲菜、古賀葵,にゃ〜つ,
冨塚部屋,2026/05/02,12,灼熱の恋〈SHORT VOCAL VERSION〉,スレイヤーズEX. ED,林原めぐみ,富居精市,
ヒロ部屋,2026/05/02,11,Sunny Steps【Ver1 暫定版】,異世界のんびり農家2 ED,緋月ゆい,ヒロ,
まどか部屋,2026/05/02,11,【Re：ゼロから始める異世界生活 4th Season ED】 Ender Ember(cut&コーラス入-on)_パート分け ／ MYTH & ROID feat.TK from 凛として時雨_けんちぃ_1234,,,あきらん️,
千秋部屋,2026/05/02,11,727☆カメリア(MV),,,ほわやん,
のんでるん部屋,2026/05/02,11,約束のOverture,真夜中のオカルト公務員 ED,土岐隼一,のんでるん,
冨塚部屋,2026/05/02,11,Twinkle Every Day【PV]】,マブラヴ ガールズガーデン IM,夢乃ゆき,SRK,
ヒロ部屋,2026/05/02,10,【LIAR_GAMEライアーゲーム】「あぶく」[Op][ヨルシカ][アニメ][悠季](On-Off),-,,ゆーき,声が治ってないので出ないかも()
まどか部屋,2026/05/02,10,誓いはキュンと,逃がした魚は大きかったが釣りあげた魚が大きすぎた件,HoneyWorks feat.鈴木愛理,りょ〜2,
千秋部屋,2026/05/02,10,492☆Tiny Rainbow(FFC),,,月見酒,
のんでるん部屋,2026/05/02,10,PSゲーム_テイルズ オブ ファンタジア OP_夢は終わらない -こぼれ落ちる時の雫-_よーみ_5CH_画質UP版,,,公園,
冨塚部屋,2026/05/02,10,地球オーケストラ,らんま1/2熱闘編 OP 4,KUSU KUSU,タカヒロ,
のんでるん部屋,2026/05/02,9,マイペース大王,げんしけん】【OP,manzo,test,
ヒロ部屋,2026/05/02,9,夏目友人帳 OP_一斉の声_喜多修平_2CH_画質UP版,-,,チー牛,
まどか部屋,2026/05/02,9,ディア・マイ・スペシャル・プレシャス・マーベラス・スウィート・ダーリンズ(パート分け有 本編映像反映),わたしが恋人になれるわけないじゃん、ムリムリ!(※ムリじゃなかった!?) ～ネクストシャイン!～ ED,クインテット,まどか,こっちで歌いたい
千秋部屋,2026/05/02,9,A042 innocent starter&Little Wish ～Lyrical Step～(水樹奈々×田村ゆかり),,,たっきー,なのは、ゆかりんのなの♥
冨塚部屋,2026/05/02,9,Going History〈SHORT VOCAL VERSION〉,スレイヤーズEX. OP,林原めぐみ,富居精市,
のんでるん部屋,2026/05/02,8,ラ♪ラ♪ラ♪スイートプリキュア♪～UNLIMITEDver.～【Ver4】 キー変更：-5,スイートプリキュア♪,工藤真由,test,
ヒロ部屋,2026/05/02,8,Errand,聖痕のクェイサー OP,飛蘭,NISHI,
まどか部屋,2026/05/02,8,bookmarks (feat. 春茶)【Ver2 第11話まで】,ざつ旅-That's Journey-,Sizuk,カズノコ,
千秋部屋,2026/05/02,8,289☆ガラスの靴にMoonglow(TC),,,あのね,
冨塚部屋,2026/05/02,8,CHAOS BANQUET【PV]】,マブラヴ ガールズガーデン IM,太田彩華,SRK,
千秋部屋,2026/05/02,7,747☆Pocket World(PV風 New),,,ほわやん,
のんでるん部屋,2026/05/02,7,朱く染めて心臓 キー変更：-5,怪異と乙女と神隠し ED,大渕野々花,test,
ヒロ部屋,2026/05/02,7,BELIEVERS【アニメ映像ver1.0・1話+番宣映像】,杖と剣のウィストリア Season 2 OP2,ASH DA HERO,ヒロ,
まどか部屋,2026/05/02,7,芽吹くとき【Ver1 暫定版】,上伊那ぼたん、酔へる姿は百合の花,yonige,あきらん️,百合の花なんだよぉぉぉぉ！
冨塚部屋,2026/05/02,7,Recollect,Reゼロから始める異世界生活,鈴木このみ feat. Ashnikko,タカヒロ,
千秋部屋,2026/05/02,6,337☆Gratitude(CC),,,月見酒,
のんでるん部屋,2026/05/02,6,ユリイカ【映像修正】 キー変更：+4,終末トレインどこへいく,ロクデナシ,test,
ヒロ部屋,2026/05/02,6,【ガンバレ！中村くん！！】 [ED] 初恋／村下孝蔵 ※1話目ED bb295 (On-Off),-,,ゆーき,
まどか部屋,2026/05/02,6,BEAUTIFUL,姫騎士は蛮族の嫁 OP,前島麻由,りょ〜2,
冨塚部屋,2026/05/02,6,虹のように〈ON AIR Size〉,スレイヤーズN・EX. ED,奥井雅美,富居精市,
千秋部屋,2026/05/02,5,655☆しあわせCode(PV風),,,たっきー,
のんでるん部屋,2026/05/02,5,Daydream Mermaid　近江彼方 VC (On_Off) キー変更：-6,,,test,
ヒロ部屋,2026/05/02,5,僕のヒーローアカデミア 第2期第1クール OP_ピースサイン_米津玄師_2CH_OFF改,-,,チー牛,
まどか部屋,2026/05/02,5,ノンシナリオ・エチュード,彼女、お借りします 第5期,雨宮天,まどか,
冨塚部屋,2026/05/02,5,RAY OF HERO【PV]】,マブラヴ ガールズガーデン,,SRK,
千秋部屋,2026/05/02,4,192 LOVE ME NOW!（SCS）,,,月見酒,
のんでるん部屋,2026/05/02,4,Lost my music キー変更：-5,涼宮ハルヒの憂鬱,,test,
ヒロ部屋,2026/05/02,4,endscape,地球へ… OP,UVERworld,NISHI,
まどか部屋,2026/05/02,4,Catch the Moment,劇場版 ソードアート・オンライン -オーディナル・スケール- ED,LiSA,カズノコ,
冨塚部屋,2026/05/02,4,ときめきの導火線(TV SIZE),ふしぎ遊戯 ED,今野友加里,富居精市,
千秋部屋,2026/05/02,3,A274 Ⅰ. THE LANCE／エルフリンデ(田村ゆかり),,,たっきー,
のんでるん部屋,2026/05/02,3,'S'/The Way【ED10 第11話 ED】 キー変更：+4,カードファイト!! ヴァンガード Divinez デラックス決勝編,Ave Mujica,test,
ヒロ部屋,2026/05/02,3,Dead or Alive,鋼鉄神ジーグ IN,JAM Project,ヒロ,よろしくお願いします。
まどか部屋,2026/05/02,3,星降る海,超かぐや姫! IN,月見ヤチヨ(CV:早見沙織),あきらん️,
冨塚部屋,2026/05/02,3,アイロニーと花束【PV]】,マブラヴ ガールズガーデン,,SRK,
のんでるん部屋,2026/05/02,2,Sophie【Ave Mujica Official Music MV】,BanG Dream! Ave Mujica,,test,
ヒロ部屋,2026/05/02,2,バイオレンス【第11話ED】,チェンソーマン,女王蜂,ゆーき,よろしくお願いします！
まどか部屋,2026/05/02,2,【超かぐや姫！】[IN]私は、わたしの事が好き。（公式アニメMV）／かぐや(夏吉ゆうこ)〔MVC-On-Off〕_mixed,,,りょ〜2,
冨塚部屋,2026/05/02,2,tears ～tv version,機動戦士ガンダムSEED DESTINY スペシャルエディションⅡ「それぞれの剣」 ED,lisa,富居精市,
のんでるん部屋,2026/05/02,1,祝福 キー変更：-5,機動戦士ガンダム 水星の魔女,YOASOBI,test,
ヒロ部屋,2026/05/02,1,スキンズ【アニメ映像ver1.0・1話+番宣映像】,Dr.STONE OP8,ASIAN KUNG-FU GENERATION,NISHI,
まどか部屋,2026/05/02,1,COMIT COMET【Ver1 暫定版】,よわよわ先生 OP,DAOKO,まどか,
冨塚部屋,2026/05/02,1,Imperium,姫と艶欲のインペリウム OP,"Ceui,solfa",SRK,
冨塚部屋,2026/05/01,77,灼熱の恋,スレイヤーズEX. ED,林原めぐみ,如月朔耶,
冨塚部屋,2026/05/01,76,アドレナリンは最高潮!,NG騎士ラムネ&40,草尾毅,オカキん,
冨塚部屋,2026/05/01,75,風の旋律,ふしぎ遊戯 33話ED,坂本千夏,富居精市,
冨塚部屋,2026/05/01,74,Ex-Otogibanashi(パート分け),超かぐや姫! IN,月見ヤチヨ(早見沙織)&かぐや(夏吉ゆうこ),ぱにょ,
冨塚部屋,2026/05/01,73,風のアンセム(2人パート分け),とんがり帽子のアトリエ第1話～3話編集 OP,Eve feat.suis from ヨルシカ,みなぴー,とんがり帽子のメモル　オンボーカルで練習します。
冨塚部屋,2026/05/01,72,流星機ガクセイバー,流星機ガクセイバー OP,林原めぐみ,如月朔耶,
冨塚部屋,2026/05/01,71,CLEAR,カードキャプターさくら クリアカード編 OP,坂本真綾,オカキん,
冨塚部屋,2026/05/01,70,心のプラネット〈NUKU NUKU Version〉,万能文化猫娘 SOUND PHASE-0VI IM,林原めぐみ,富居精市,
冨塚部屋,2026/05/01,69,14 プラチナ,20周年記念LIVE ”FOLLOW ME”,坂本真綾,ぱにょ,
冨塚部屋,2026/05/01,68,08 逆光,Music Video Collection 2013-2020,坂本真綾,みなぴー,
冨塚部屋,2026/05/01,67,07 奇跡の海,Open Air Museum 2017,坂本真綾,如月朔耶,
冨塚部屋,2026/05/01,66,【3×3EYES ～聖魔覚醒～】「サンハーラ ～聖なる力～」[IM][林原めぐみ ][ON-OFF],,,オカキん,
冨塚部屋,2026/05/01,65,船乗り,TYLOR The Irresponsible Captain AN EXCEPTIONAL EPISODE ひとりぼっちの戦争 Tylor's War OP,広谷順子,富居精市,
冨塚部屋,2026/05/01,64,ミックスナッツ,SPY×FAMILY OP 1,Official髭男dism,ぱにょ,
冨塚部屋,2026/05/01,63,めくるめくランデヴー【_パート分け】,自動販売機に生まれ変わった俺は迷宮を彷徨う 3 ED,FUWAMOCO,みなぴー,
冨塚部屋,2026/05/01,62,異動,,,Lお異動Jr.,異動のお時間がやって参りました。
冨塚部屋,2026/05/01,61,サムライハート,鎧伝サムライトルーパー OP2,森口博子,tksr,森口博子と言えば、この歌。 妹が元祖サムライトルーパーの大ファンでした。 今になってリメイクされようとは妹と言えども予想だにしていなかったでしょう。
けんちぃ部屋,2026/05/01,60,今日もどこかでデビルマン,デビルマン,十田敬三,えてこ,
冨塚部屋,2026/05/01,60,THE REVO【FINAL SEASON】,僕のヒーローアカデミア OP,ポルノグラフィティ,ハル,
けんちぃ部屋,2026/05/01,59,ダイナミック琉球 ～エイサーver.～,CRスーパー海物語IN沖縄5 挿入歌,マリン&ワリン&ウリン,けんちぃ,
冨塚部屋,2026/05/01,59,たとえ君が微笑んでも,新機動戦記ガンダムW IM,緑川光,富居精市,
けんちぃ部屋,2026/05/01,58,ライアーヴェール,ようこそ実力至上主義の教室へ 4th Season 2年生編1学期 ED,ZAQ,ゆに,
冨塚部屋,2026/05/01,58,不可思議のカルテ(パート分け),青春ブタ野郎はバニーガール先輩の夢を見ない,"桜島麻衣,古賀朋絵,双葉理央,豊浜のどか,梓川かえで,牧之原翔子",みなぴー,パート分けをみたいので入れてみます。 オンボーカルです。もし歌える人がいればパート分けで。
けんちぃ部屋,2026/05/01,57,時間の誘惑,ゴッドマジンガー,遠藤晴美,如月朔耶,
冨塚部屋,2026/05/01,57,恋するココロ,かしまし～ガール・ミーツ・ガール～ OP,eufonius,団長,
けんちぃ部屋,2026/05/01,56,【機動戦士ガンダム 閃光のハサウェイ】 [ED] Sweet Child O’Mine bb266 (On-Off),-,,オカキん,
冨塚部屋,2026/05/01,56,通常攻撃が全体攻撃で二回攻撃ママ,通常攻撃が全体攻撃で二回攻撃のお母さんは好きですか? ED,茅野愛衣,tksr,「パタパタママ」リアルタイム世代です。 だからEDで懐かしいこのメロディが流れた時にはゾクゾクッとしました。
けんちぃ部屋,2026/05/01,55,MEN OF DESTINY,機動戦士ガンダム0083-STARDUST MEMORY- OP 2,MIO,えてこ,
冨塚部屋,2026/05/01,55,ロマンティックあげるよ キー変更：-2,ドラゴンボール,橋本潮,ハル,
けんちぃ部屋,2026/05/01,54,[主題歌 ]さよならの夏,コクリコ坂から,手嶌葵,けんちぃ,
冨塚部屋,2026/05/01,54,The Time I'm Seeing You ～君を見つめて～ [2tr VC-ON] ダイナマイト・シゲ,機動戦士ガンダムF91 AR,,富居精市,
けんちぃ部屋,2026/05/01,53,れびてーしょん,NEEDY GIRL OVERDOSE ED,キタニタツヤ,ゆに,
冨塚部屋,2026/05/01,53,ヘミソフィア,ラーゼフォン OP,坂本真綾,みなぴー,
けんちぃ部屋,2026/05/01,52,ray 超かぐや姫! Version(パート分け),超かぐや姫! ED,月見ヤチヨ(早見沙織)&かぐや(夏吉ゆうこ),如月朔耶,
冨塚部屋,2026/05/01,52,明日のBlue wing,光と水のダフネ OP,小枝,団長,
けんちぃ部屋,2026/05/01,51,流星,ソードアート・オンライン オルタナティブ ガンゲイル・オンライン OP,藍井エイル,オカキん,
冨塚部屋,2026/05/01,51,爆発だッ!タローマン,タローマン,タローマン合唱団,tksr,「何だこれは？」 先程、ウルトラマンタロウを歌いましたので、今度はタローマンです。 初披露なので、トチったらごめんなさい。
けんちぃ部屋,2026/05/01,50,星のストレンジャー (劇場版 超人ロック_主題歌) STR!X (2ch_VC_ON) UVR online版,-,,えてこ,
冨塚部屋,2026/05/01,50,ETERNAL WIND-ほほえみは光る風の中- キー変更：-2,機動戦士ガンダムF91 ED,森口博子,ハル,
けんちぃ部屋,2026/05/01,49,逆夢,劇場版 呪術廻戦 0 ED,King Gnu,けんちぃ,
冨塚部屋,2026/05/01,49,Verweile Douch!,シャーマンキング ふんばりスピリッツ IN,子安武人,富居精市,
けんちぃ部屋,2026/05/01,48,【Re：ゼロから始める異世界生活 4th Season ED】 Ender Ember(cut&コーラス入-on)_パート分け ／ MYTH & ROID feat.TK from 凛として時雨_けんちぃ_1234,,,ゆに,
冨塚部屋,2026/05/01,48,ハレの日に,薫る花は凛と咲く ED,汐れいら,みなぴー,
けんちぃ部屋,2026/05/01,47,コブラ,スペースコブラ OP,前野曜子,如月朔耶,
冨塚部屋,2026/05/01,47,バカと個室と孤独飯,バカとテストと召喚獣にっ! ED,milktub,団長,
けんちぃ部屋,2026/05/01,46,FEEL UNIVERSE,マクロス ダイナマイト 7,FIRE BOMBER,オカキん,
冨塚部屋,2026/05/01,46,初恋【歌入り】,そらのおとしもの ED9,早見沙織・高垣彩陽,tksr,永遠の名曲です。 早見沙織さん大好き。 COCO'Sでハンバーグ食べましたよ。
けんちぃ部屋,2026/05/01,45,星のデジャ・ブー,超時空騎団サザンクロス,鹿取容子,えてこ,
冨塚部屋,2026/05/01,45,まなざしは光,薫る花は凛と咲く OP,キタニタツヤ,ハル,
けんちぃ部屋,2026/05/01,44,ファイナルファンタジーV メインテーマ,ファイナルファンタジーV OPカバー,KAITO,けんちぃ,
冨塚部屋,2026/05/01,44,虹色のオルゴォル,若草物語ナンとジョー先生 IM,伊藤薫,富居精市,
けんちぃ部屋,2026/05/01,43,Bye Bye Bye!【キュート】,-,℃-ute,ゆに,
冨塚部屋,2026/05/01,43,nina,星降る王国のニナ OP,坂本真綾,みなぴー,
けんちぃ部屋,2026/05/01,42,素敵だね-オーケストラver-,FINAL FANTASY X,RIKKI[中野律紀],如月朔耶,
冨塚部屋,2026/05/01,42,セーヌの風に…(Adieu),ルパン三世 PART5 Ed,沢城みゆき,団長,
冨塚部屋,2026/05/01,41,異動,,,Lお異動Jr.,異動のお時間です。
けんちぃ部屋,2026/05/01,40,【上伊那ぼたん、酔へる姿は百合の花 OP】 芽吹くとき(cut&コーラス入-on) ／ yonige_けんちぃ_1236,,,けんちぃ,
冨塚部屋,2026/05/01,40,いまはおやすみ,機動戦士ガンダム 挿入歌,戸田恵子,君島にゃーもんど,
けんちぃ部屋,2026/05/01,39,水平線は僕の古傷【パート分け最終話まで】,青春ブタ野郎はサンタクロースの夢を見ない ED,"雨宮天,山根綺,小原好美,上田麗奈",tksr,祝、「青春ブタ野郎はバニーガール先輩の夢を見ない」再放送！ 但し、これはTVアニメ第２期「青春ブタ野郎はサンタクロースの夢を見ない」EDですが。
冨塚部屋,2026/05/01,39,風のノー・リプライ,重戦機エルガイム OP 2,鮎川麻弥,ゆに,
けんちぃ部屋,2026/05/01,38,Spiral,アスラクライン OP,angela,如月朔耶,
冨塚部屋,2026/05/01,38,スターライト・シャワー,重戦機エルガイム ED,MIO,オカキん,
けんちぃ部屋,2026/05/01,37,この涙を君に捧ぐ【Off-On-On】_NO NAME_AKB0048【パート分け】,こ,,MiO,パート分け♪
冨塚部屋,2026/05/01,37,傷ついたジェラシー,重戦機エルガイム,鮎川麻弥,らふぃーる,
冨塚部屋,2026/05/01,36,せいいっぱいの微笑みを,重戦機エルガイムIII フルメタルソルジャー ED,ひろえ純,富居精市,
けんちぃ部屋,2026/05/01,36,It's a beautiful story,異世界のんびり農家2 OP,"ルールーシー=ルー(CV:下地紫野),ティア(CV:洲崎綾)",みなぴー,練習でいれます。 もし入れる人がいましたら。 オンボーカルです。
冨塚部屋,2026/05/01,35,天使の絵の具,超時空要塞マクロス,飯島真理,君島にゃーもんど,
けんちぃ部屋,2026/05/01,35,【姫騎士は蛮族の嫁 OP】 BEAUTIFUL(cut&コーラス入-off-on) ／ 前島麻由_けんちぃ_1253,,,けんちぃ,
冨塚部屋,2026/05/01,34,INTERNET ANGEL【アニメPV】,NEEDY GIRL OVERDOSE OP,超てんちゃん,ゆに,
けんちぃ部屋,2026/05/01,34,ぼくらのキカイダー,人造人間キカイダー,コロムビアゆりかご会,tksr,大好きな挿入歌です。 これが歌えるなんて夢みたいです。感激です。
冨塚部屋,2026/05/01,33,Round Trip～その手を離さないで～,飛べ!イサミ ED 1,SEEK,オカキん,
けんちぃ部屋,2026/05/01,33,革命道中【_アニメMV版】,ダンダダン(第2期) OP,アイナ・ジ・エンド,如月朔耶,
冨塚部屋,2026/05/01,32,born legend,SHADOW SKILL-影技- OP,KASUMI,らふぃーる,
けんちぃ部屋,2026/05/01,32,なんか幸せ,烈火の炎,,MiO,
けんちぃ部屋,2026/05/01,31,Bubee パート分け(2話まで),魔法の姉妹ルルットリリィ,ILLIT,みなぴー,トラック1つだけだぞ
冨塚部屋,2026/05/01,30,GHOST SWEEPER,ゴーストスイーパー美神,原田千栄,君島にゃーもんど,
けんちぃ部屋,2026/05/01,30,【逃がした魚は大きかったが釣りあげた魚が大きすぎた件 ED】 DEAD OR LOVE(cut&コーラス入-on) ／ 吉乃_けんちぃ_1254,,,けんちぃ,
冨塚部屋,2026/05/01,29,ポップ・スナック・ジャンクなHUNNY,カナン様はあくまでチョロい ED,あおぎり高校,ゆに,
けんちぃ部屋,2026/05/01,29,Sunday Morning【_パート分け】,姫様“拷問”の時間です(第2期) OP,ILLIT,tksr,前期アニメで最高に御機嫌な歌です。
冨塚部屋,2026/05/01,28,Get UP!,新世紀GPXサイバーフォーミュラZERO ED,[木下ゆみ,オカキん,
けんちぃ部屋,2026/05/01,28,声の軌跡,真夜中ハートチューン ED,Soala,如月朔耶,
冨塚部屋,2026/05/01,27,ゼロテスター,ゼロテスター,"子門真人, 杉並児童合唱団",らふぃーる,
けんちぃ部屋,2026/05/01,27,陽炎,火喰鳥 羽州ぼろ鳶組,大泉洋,MiO,燃え燃えアニメ
冨塚部屋,2026/05/01,26,私がクラス委員です。,万能文化猫娘 IM,根谷美智子,富居精市,
けんちぃ部屋,2026/05/01,26,とっておきあげちゃうよ【あみゅどる MV】,ほっぺちゃん ～サン王国と黒ほっぺ団の秘密～,,みなぴー,パート分けあるかな？
冨塚部屋,2026/05/01,25,愛はブーメラン,うる星やつら2 ビューティフル・ドリーマー,松谷祐子,君島にゃーもんど,
けんちぃ部屋,2026/05/01,25,【愛してるゲームを終わらせたい OP】 君のせいで愛してる(cut&コーラス入-on) ／ CHiCO with HoneyWorks_けんちぃ_1232,,,けんちぃ,まだ歌って無かった
冨塚部屋,2026/05/01,24,blue hour,淡島百景 OP,Hana Hope,ゆに,
けんちぃ部屋,2026/05/01,24,冒険でしょでしょ?,涼宮ハルヒの憂鬱,平野綾,tksr,祝、オリジナル再放送！ EDを歌う人は多いけど、OPも名曲です。 人前で歌うのは多分、初めて。
冨塚部屋,2026/05/01,23,(万能文化猫娘)Fine colorday[OP][林原めぐみ](2ch),万能文化猫娘)Fine colorday[OP][林原めぐみ](2ch,,オカキん,
けんちぃ部屋,2026/05/01,23,茨の道,ゴーストコンサート missing Songs Ed,オデッセウス(CV:寿美菜子),如月朔耶,
冨塚部屋,2026/05/01,22,真実の黙示録,クロスアンジュ 天使と竜の輪舞 OP 2,高橋洋子,らふぃーる,宜しくです スパロボＹ参戦記念ｗ
けんちぃ部屋,2026/05/01,22,Golden Game【Off-Cut-On】_しばたはつみ_ルパン三世 ロシアより愛をこめて,-,,MiO,
冨塚部屋,2026/05/01,21,がんばって!,ネクストキング 恋の千年王国 OP,翠玲,富居精市,
けんちぃ部屋,2026/05/01,21,小休止,,,けんちぃ,
冨塚部屋,2026/05/01,20,異動,,,Lお異動Jr.,異動です。
けんちぃ部屋,2026/05/01,20,やれんの?エンドレス,忍者と殺し屋のふたりぐらし OP,花澤香菜,tksr,以前、デュエットをリクエストされたのに、断ってしまいました。 次はリクエストにお応えできるよう、練習しておきました。 まだ歌い慣れてないので、聴き苦しくなったら、ごめんなさい。
冨塚部屋,2026/05/01,19,KAMIGAMI-神噛-(TV edit.),終末のワルキューレ Record of Ragnarok,マキシマム ザ ホルモン,MiO,
けんちぃ部屋,2026/05/01,19,デリンジャー (CAT'S EYE 第2期_OP) 刀根麻理子 (2ch_VC_ON) spleeter版,て,,えてこ,
冨塚部屋,2026/05/01,18,_飯島真理 キー変更：-2,超時空要塞マクロス 愛・おぼえていますか 主題歌_愛・おぼえていますか ロングバージョン,4CH,ハル,
けんちぃ部屋,2026/05/01,18,ヤマトよ永遠に 挿入歌_星のペンダント_ささきいさお_2CH_画質UP版,や,,らふぃーる,
冨塚部屋,2026/05/01,17,Remake feeling,万能文化猫娘 SOUND PHASE-0Ⅵ IM,平松晶子,富居精市,
けんちぃ部屋,2026/05/01,17,残業体操,ギルドの受付嬢ですが、残業は嫌なのでボスをソロ討伐しようかと思います CS,アリナ・クローバー(CV.高橋李依)、ライラ(CV.芹澤優),けんちぃ,
冨塚部屋,2026/05/01,16,上海ハニー【原曲Ver】,体操ザムライ OP,浪川大輔 小野賢章 梶裕貴,団長,このアニメもそういえばカバーだったな
けんちぃ部屋,2026/05/01,16,ダンバインとぶ,聖戦士ダンバイン OP,MIO,君島にゃーもんど,
冨塚部屋,2026/05/01,15,火種【暫定版】,日本三國 OP,キタニタツヤ,ゆに,
けんちぃ部屋,2026/05/01,15,アマゾンダダダ!!,仮面ライダーアマゾン,子門真人,tksr,龍騎に続いてドラゴンライダーことアマゾンです。 OPは素晴らしいのですが、EDも格好いいです。
冨塚部屋,2026/05/01,14,君に贈るララバイ【2ch off-on】(G) WELCOME -特装機兵ドルバック,,,MiO,
けんちぃ部屋,2026/05/01,14,コブラ（スペースコブラ）／前野曜子,こ,,えてこ,
冨塚部屋,2026/05/01,13,残響散歌【_Ver.2】 キー変更：-2,鬼滅の刃 遊郭編 OP 3,Aimer,ハル,
けんちぃ部屋,2026/05/01,13,Bのリベンジ【アニメ映像ver3.1・3期最終話まで・パート分け有り】,【推しの子】 IN,B小町,らふぃーる,結局原作通りなんか？
冨塚部屋,2026/05/01,12,真似木ヶ丘学園校歌,万能文化猫娘 IN,東京混声合唱団,富居精市,
けんちぃ部屋,2026/05/01,12,【ドラドラ子猫とチャカチャカ娘 OPEDメドレー】 ドラドラ子猫とチャカチャカ娘、地球のマーチ(cut&コーラス入-on)_けんちぃ_981,-,,けんちぃ,メドレー曲〜
冨塚部屋,2026/05/01,11,お手上げサイキクス,斉木楠雄のΨ難,Shiggy Jr.,団長,
けんちぃ部屋,2026/05/01,11,ふしぎの海のナディアメドレー(ブルーウォーター/Yes! I will…)【TVサイズ】,ふしぎの海のナディア,森川美穂,君島にゃーもんど,
冨塚部屋,2026/05/01,10,【あかね噺]「人誑し」[OP][桑田佳祐][2tr Off-On],,,ゆに,
けんちぃ部屋,2026/05/01,10,怪獣【ver3.0・最終話まで】,チ。 ―地球の運動について― OP,サカナクション,tksr,先日、六本木ヒルズの東京シティビューの「チ。」展を観覧して参りました。 初めて歌うので、トチったらごめんなさい。
冨塚部屋,2026/05/01,9,マジンカイザーのバラード,水木一郎バースデーライブ 7th Jan 2000,ON/VC,MiO,
けんちぃ部屋,2026/05/01,9,夢狩人,宇宙皇子 OP,ダ・カーポ,らふぃーる,せっかくなのでｗ
冨塚部屋,2026/05/01,8,革命道中,ダンダダン(第2期) OP,アイナ・ジ・エンド,ハル,
けんちぃ部屋,2026/05/01,8,ナディアのテーマ No.6,ふしぎの海のナディア 挿入曲カバー,独立原野党 with 杉並児童合唱団,けんちぃ,
冨塚部屋,2026/05/01,7,kiss in the dark(AI),封神領域エルツヴァーユ OP,奥井雅美,富居精市,
けんちぃ部屋,2026/05/01,7,Alive A life（仮面ライダー龍騎）／松本梨香 【cover by ZETKI 】,-,,君島にゃーもんど,
冨塚部屋,2026/05/01,6,WHITE HEAT,UG☆アルティメットガール OP,yozuca*,団長,
けんちぃ部屋,2026/05/01,6,ウルトラマンタロウ,ウルトラマンタロウ,武村太郎、少年少女合唱団みずうみ,tksr,前回はAを歌いましたので。
冨塚部屋,2026/05/01,5,お願いマッスル Bulk Up!!! Edit,PFダンベル何キロ持てる?,遠藤正明,ゆに,
けんちぃ部屋,2026/05/01,5,微熱S.O.S!!,アイドルマスター XENOGLOSSIA OP 1,橋本みゆき,らふぃーる,スパロボY参戦記念ｗ
冨塚部屋,2026/05/01,4,GET MY WAY【Cut-On】_奥井雅美_女神天国,,,MiO,作ったので歌う♪
けんちぃ部屋,2026/05/01,4,【北斗の拳 -FIST OF THE NORTH STAR- OP】 Hallelujah(cut&コーラス入-on) ／ Alexandros_けんちぃ_1255,,,けんちぃ,昨日動画作成
冨塚部屋,2026/05/01,3,喜劇,SPY×FAMILY ED,星野源,ハル,よろしくお願いします
けんちぃ部屋,2026/05/01,3,地球へ…Coming Home To Terra,地球へ,ダ・カーポ,君島にゃーもんど,
冨塚部屋,2026/05/01,2,マジンガーZ,マジンガーZ OP,水木一郎,富居精市,
けんちぃ部屋,2026/05/01,2,愛をとりもどせ!!,北斗の拳,クリスタルキング,tksr,永遠の名曲です。 歌うのは平成振り。 >> 今期アニメではtoshiが歌唱してるよ by 名無しさん
千秋部屋,2026/05/01,2,725☆カーテンコールの向こうへ(WH),,,たっきー,やっと繋がった♪
冨塚部屋,2026/05/01,1,メガネを外して【最終話まで】,正反対な君と僕 OP,乃紫,団長,
けんちぃ部屋,2026/05/01,1,【龍が如く８】「好きになれる人を好きになれたならば」[ハン・ジュンギ(cv.中村悠一)][ON-OFF],-,,らふぃーる,宜しくです
千秋部屋,2026/05/01,1,655☆しあわせCode(PV風),,,たっきー,
加古部屋,2026/04/30,6,【身内カラオケ用】【炎の孕ませ乳ドルマイ★スター学園Z OP】 孕ませおっぱい！ShiningマイスターZ！(cut&コーラス入-on) ／ ゆん、たまこ、momiji_けんちぃ_1058,-,,加古,
加古部屋,2026/04/30,5,鋼鉄ジーグのうた,鋼鉄ジーグ,水木一郎、コロムビアゆりかご会、こおろぎ'73,加古,
ブルーベリー部屋,2026/04/29,144,Bow and ARROW,,,nao,キー5上げ
ブルーベリー部屋,2026/04/29,143,ひとりじゃない,DRAGON BALL GT,,しーふ,
ブルーベリー部屋,2026/04/29,142,起死開戦(on-off),moment/memoryライブ映像,millsage,純一郎,
ブルーベリー部屋,2026/04/29,141,Prayer X【バナナフィッシュ】,BANANA FISH,King Gnu,nayu,
ブルーベリー部屋,2026/04/29,140,コネクト,魔法少女まどか☆マギカ,ClariS,ゆこ,
ブルーベリー部屋,2026/04/29,139,【超かぐや姫!】 [ED] ray 超かぐや姫! Version／かぐや(CV夏吉ゆうこ)月見ヤチヨ(CV早見沙織) ※パート分け有・フルサイズ bb268 (On-Off),-,,ブルーベリー,いける人は入ってもOKです
ブルーベリー部屋,2026/04/29,138,甲賀忍法帖【桜花忍法帖】,バジリスク～甲賀忍法帖～,陰陽座,nao,
ブルーベリー部屋,2026/04/29,137,神頼み,出禁のモグラ,syudou,しーふ,
ブルーベリー部屋,2026/04/29,136,「Tomorrow's Door」Poppin'Party【オフボーカル・コーラス入り】,-,,純一郎,
ブルーベリー部屋,2026/04/29,135,Over Soul【SHAMAN KING】,シャーマンキング,林原めぐみ,ゆこ,
ブルーベリー部屋,2026/04/29,134,Get Over(Special mix),ヒカルの碁,,nayu,
ブルーベリー部屋,2026/04/29,133,【葬送のフリーレン】 [OP] lulu．／Mrs．GREENAPPLE bb285(On-Off),-,,ブルーベリー,練習ー
ブルーベリー部屋,2026/04/29,132,ダイアモンド クレバス,マクロスF,,nao,
ブルーベリー部屋,2026/04/29,131,怪獣【ver3.0・最終話まで】,チ。 ―地球の運動について― OP,サカナクション,しーふ,
ブルーベリー部屋,2026/04/29,130,愛を捧げよ～the secret Shangri-la～  キー変更： -3,劇場版 うたの☆プリンスさまっ♪ マジLOVEキングダム,HE★VENS,純一郎,
ブルーベリー部屋,2026/04/29,129,Get Wild,CITY HUNTER,TM NETWORK,nayu,
ブルーベリー部屋,2026/04/29,128,【ダーウィン事変】 [OP] make me wonder／Official髭男dism bb267 (On-Off),-,,ブルーベリー,
ブルーベリー部屋,2026/04/29,127,Rally Go Round,ニセコイ:,,nao,
ブルーベリー部屋,2026/04/29,126,有頂天人生,有頂天家族,,しーふ,
ブルーベリー部屋,2026/04/29,125,Liella!「Starlight Prologue（11人Ver.）」【オフボーカル・コーラス入り】,-,,純一郎,
ブルーベリー部屋,2026/04/29,124,プランA,逃げ上手の若君,DISH//,nayu,
ブルーベリー部屋,2026/04/29,123,【スキップとローファー】 [op] メロウ／須田景凪 bb234 (On-Off),-,,ブルーベリー,
ブルーベリー部屋,2026/04/29,122,【艦隊これくしょん-艦これ-】吹雪／西沢幸奏(on-offver2),-,,nao,
ブルーベリー部屋,2026/04/29,121,INVOKE-インボォーク-,機動戦士ガンダムSEED,,しーふ,
ブルーベリー部屋,2026/04/29,120,スタートダッシュ!【パート無し】  キー変更： -3,キャプテン翼(2018) OP,ジャニーズWEST,純一郎,
ブルーベリー部屋,2026/04/29,119,【とんがり帽子のアトリエ】 [OP] 風のアンセム／Eve featuring suis from ヨルシカ ※パート分け bb305 (On-Off),-,,ブルーベリー,練習しますー
ブルーベリー部屋,2026/04/29,118,ギミーレボリューション,俺、ツインテールになります,内田真礼,nao,
ブルーベリー部屋,2026/04/29,117,ハートのエッジに挑もう Go to Heart Edge,WORKING!!,,しーふ,
ブルーベリー部屋,2026/04/29,116,Sophie【Ave Mujica Official Music MV】,BanG Dream! Ave Mujica,,純一郎,
ブルーベリー部屋,2026/04/29,115,桜のあと(all quartets lead to the?)【bb151】,夜桜四重奏～ハナノウタ～ op,UNISON SQUARE GARDEN(on-off),ブルーベリー,
ブルーベリー部屋,2026/04/29,114,fake town baby,血界戦線&BEYOND,UNISON SQUARE GARDEN,nao,
ブルーベリー部屋,2026/04/29,113,ワンピース,,,しーふ,
ブルーベリー部屋,2026/04/29,112,はじまりの羽音【Fes×Live映像】,ラブライブ!蓮ノ空女学院スクールアイドルクラブ 105期 3rd Term Fes×LIVE -竜胆祭- 披露曲,蓮ノ空女学院スクールアイドルクラブ,純一郎,
ブルーベリー部屋,2026/04/29,111,オトノケ【公式PVちょびっと編集ver_bb124】,ダンダダン op,Creepy Nuts,ブルーベリー,
ブルーベリー部屋,2026/04/29,110,TAIDADA【_アニメMV版】,ダンダダン ED,ずっと真夜中でいいのに。,nao,
ブルーベリー部屋,2026/04/29,109,ラブ・ドラマティック,かぐや様は告らせたい,鈴木雅之 featuring 伊原六花,しーふ,
ブルーベリー部屋,2026/04/29,108,【日本三國】 [OP] 火種／キタニタツヤ ※bb300 (On-Off),-,,ブルーベリー,
ブルーベリー部屋,2026/04/29,107,【呪術廻戦】 [OP] AIZO／King Gnu bb256 (On-Off)  キー変更：+4,-,,nao,
ブルーベリー部屋,2026/04/29,106,Drastic my soul,スクライド,,しーふ,
ブルーベリー部屋,2026/04/29,105,【スノウボールアース】 [OP] 零-zero-／tuki ※bb303 (On-Off),-,,ブルーベリー,
ブルーベリー部屋,2026/04/29,104,99,モブサイコ100,,nao,
ブルーベリー部屋,2026/04/29,103,【あかね噺】 [OP] 人誑し ひとたらし／桑田佳祐 ※アニメMV＋ちょい編集 bb292 (On-Off),-,,ブルーベリー,
ブルーベリー部屋,2026/04/29,102,,,,ブルーベリー,ひとたらし配信
ブルーベリー部屋,2026/04/29,101,一度だけの恋なら【FINAL LIVE TOUR 2023 ～Last Mission～Day1有明・パート分け有り】,マクロスΔ OP1,ワルキューレ,ブルーベリー,テスト
ブルーベリー部屋,2026/04/29,100,破滅の純情【パート分け有り】,マクロスΔ,ワルキューレ,nao,
ブルーベリー部屋,2026/04/29,99,【姫騎士は蛮族の嫁】 [ED] シルベキコト／sajou no hana ※bb306 (On-Off),-,,ブルーベリー,テスト
冨塚部屋,2026/04/29,99,Voyage,FINAL FANTASY III IN,大木理紗,富居精市,
ブルーベリー部屋,2026/04/29,98,【花咲くエトワール】 [ED] 風に乗る／緑黄色社会 ※公式MV bb302 (On-Off),-,,ブルーベリー,
冨塚部屋,2026/04/29,98,慈雨のくちづけ,天官賜福 OP,シド,みゆき,
ブルーベリー部屋,2026/04/29,97,【淡島百景】 [OP] blue hour ／ hanahope ※bb310 (On-Off),-,,ブルーベリー,
冨塚部屋,2026/04/29,97,Pray,FINAL FANTASY IN,大木理紗,富居精市,
ブルーベリー部屋,2026/04/29,96,【キルアオ】 [OP] ATTITUDE ／ aespa ※漫画MVもちょいプラス　bb309 (On-Off),-,,ブルーベリー,テスト
冨塚部屋,2026/04/29,96,rise,攻殻機動隊 S.A.C. 2nd GIG,ORIGA,みゆき,
ブルーベリー部屋,2026/04/29,95,【とんがり帽子のアトリエ】 [OP] 風のアンセム／Eve featuring suis from ヨルシカ ※パート分け bb305 (On-Off),-,,ブルーベリー,テスト
冨塚部屋,2026/04/29,95,TAKE YOUR COURAGE,スレイヤーズTRY IN,L・O・N,富居精市,
ブルーベリー部屋,2026/04/29,94,【霧尾ファンクラブ】 [OP] FANCLUB ／ Skirt & ODD Foot Works ※パート分け無し暫定 bb311 (On-Off),-,,ブルーベリー,テスト
冨塚部屋,2026/04/29,94,始まりの君へ,仮面ライダー響鬼,布施明,みゆき,
ブルーベリー部屋,2026/04/29,93,【オタクに優しいギャルはいない】 [OP] HIDE AND SEEK ／ i-dle ※パート分け無し暫定 bb312 (On-Off),-,,ブルーベリー,テスト
冨塚部屋,2026/04/29,93,The Promised Land,FFⅡ IN,大木理紗,富居精市,
ブルーベリー部屋,2026/04/29,92,JUNGLE FIRE feat. MOTSU(2パート分け)【Ver.2.0】,MFゴースト OP,芹澤優,cp,
冨塚部屋,2026/04/29,92,カ!カ!カ!カミズモード!,最響カミズモード! OP,株元英彰,みゆき,
ブルーベリー部屋,2026/04/29,91,,,,ブルーベリー,
冨塚部屋,2026/04/29,91,手のひらの中の輝き,ふしぎ遊戯 第2部 IM,川島和子,富居精市,
冨塚部屋,2026/04/29,90,世界が君を必要とする時が来たんだ,トミカ絆合体 アースグランナー OP,オーイシマサヨシ,みゆき,
冨塚部屋,2026/04/29,89,勇気を出して,若草物語ナンとジョー先生 IM,伊藤薫,富居精市,
冨塚部屋,2026/04/29,88,トンデラハウスの大冒険,トンデラハウスの大冒険 OP,藤本房子,みゆき,
冨塚部屋,2026/04/29,87,BRAVE PHOENIX,魔法少女リリカルなのはA's IN,水樹奈々 コーラス 川村ゆみ,富居精市,
冨塚部屋,2026/04/29,86,なんしよーと?ドゲンジャーズ!,DOGENGERS,児塚あすか,みゆき,
冨塚部屋,2026/04/29,85,スペシャルメニューをあなたに,万能文化猫娘 SOUND PHASE-0Ⅵ IM,久川綾,富居精市,
冨塚部屋,2026/04/29,84,破牙神ライザー龍,破牙神ライザー龍,宮内タカユキ,みゆき,
冨塚部屋,2026/04/29,83,Break,半妖の夜叉姫 ED,Uru,富居精市,
冨塚部屋,2026/04/29,82,流れ星へ,美少女戦士セーラームーン セーラースターズ IN,スリーライツ,みゆき,
冨塚部屋,2026/04/29,81,【機動戦士ガンダムSEED DESTINY】【IN】【Eden of necessity】【諏訪部順一】【off-on】,,,富居精市,
冨塚部屋,2026/04/29,80,遙か君の元へ,遙かなる時空の中で～八葉抄～,,みゆき,
冨塚部屋,2026/04/29,79,Pale repetition,機動戦士ガンダムSEED DESTINY IN,森田成一,富居精市,
冨塚部屋,2026/04/29,78,コレクション,ビックリメン OP,Dannie May,みゆき,
冨塚部屋,2026/04/29,77,Shoot,機動戦士ガンダムSEED,イザーク・ジュール(関智一),富居精市,
冨塚部屋,2026/04/29,76,History Maker,ユーリ!!! on ICE,DEAN FUJIOKA,みゆき,
冨塚部屋,2026/04/29,75,戰鬥男孩(広東語),機動武闘伝Gガンダム,葉富生(ニコカラ),富居精市,
冨塚部屋,2026/04/29,74,This Fire【アニメ公式 MV】,サイバーパンク エッジランナーズ,Franz Ferdinand,みゆき,
冨塚部屋,2026/04/29,73,Rhythm Emotion [T.V.Size Version],新機動戦記ガンダムW OP,TWO-MIX,富居精市,
冨塚部屋,2026/04/29,72,アステロイド・ブルース,銀河烈風バクシンガー,増田直美,みゆき,
冨塚部屋,2026/04/29,71,一世紀めのエンジェル,忍者戦士飛影,HIT BOY,富居精市,
冨塚部屋,2026/04/29,70,LOVEサバイバー,忍者戦士 飛影 OP,HIT BOY,みゆき,
冨塚部屋,2026/04/29,69,勝利者達の挽歌ドモン Ver,機動武闘伝Gガンダム,関智一,富居精市,
冨塚部屋,2026/04/29,68,【SI-VIS The Sound of Heroes】[OP]So Far Away(on-off)_パート分け_2パート_12話まで ／SI-VIS,,,みゆき,
冨塚部屋,2026/04/29,67,月下美人,∀ガンダム(ターンaガンダム) 挿入歌,巡音ルカ,富居精市,
冨塚部屋,2026/04/29,66,Cartoon Swing '47,47都道府犬R,藤村鼓乃美,みゆき,
冨塚部屋,2026/04/29,65,AURA(accoustic version),∀ガンダム ED,谷村新司,富居精市,
冨塚部屋,2026/04/29,64,アッセンブル・インサート,アッセンブル・インサート,笠原弘子,みゆき,
冨塚部屋,2026/04/29,63,SET THE FIRE,天空戦記シュラト,清水咲斗子,富居精市,
冨塚部屋,2026/04/29,62,ゴクドルミュージック,Back Street Girls OP,ゴクドルズ虹組,みゆき,
冨塚部屋,2026/04/29,61,めぐりあい,機動戦士ガンダム COVER,井上大輔,富居精市,
冨塚部屋,2026/04/29,60,夢にエール!パティシエール♪,夢色パティシエール,,みゆき,
冨塚部屋,2026/04/29,59,遠い記憶,機動戦士ガンダム0080 ポケットの中の戦争 ED,"椎名恵,米倉千尋",富居精市,
冨塚部屋,2026/04/29,58,"【A3!】《主題歌》MANKAI☆開花宣言／A3ders! (酒井広大, 江口拓也, 沢城千春, 田丸篤志)【On-Off】※第１部",,,みゆき,
冨塚部屋,2026/04/29,57,暁の車,機動戦士ガンダムSEED IN,FictionJunction YUUKA,富居精市,
冨塚部屋,2026/04/29,56,二人の約束【3人パート分け】,バスカッシュ!,エクリップス,みゆき,
冨塚部屋,2026/04/29,55,The Time I'm Seeing You ～君を見つめて～ [2tr VC-ON] ダイナマイト・シゲ,機動戦士ガンダムF91 AR,,富居精市,
冨塚部屋,2026/04/29,54,サイキン,もやしもんリターンズ,ひいらぎ,みゆき,
冨塚部屋,2026/04/29,53,せいいっぱいの微笑みを,重戦機エルガイムIII フルメタルソルジャー ED,ひろえ純,富居精市,
冨塚部屋,2026/04/29,52,笑顔の訳,少年陰陽師,引田香織,みゆき,
冨塚部屋,2026/04/29,51,明日の私を信じたい,ふしぎ遊戯(OVA) ED,石塚早織,富居精市,
冨塚部屋,2026/04/29,50,不安定な神様,うたわれるもの 偽りの仮面 OP,Suara,みゆき,
冨塚部屋,2026/04/29,49,FRIENDS(Ever After Ver.),仙界伝 封神演義 ED,米倉千尋,富居精市,
冨塚部屋,2026/04/29,48,楽園の扉,魔探偵ロキRAGNAROK OP,YAMOTO,みゆき,
冨塚部屋,2026/04/29,47,Wood worker,BS2アニメ ロビンフッドの大冒険OP,下成佐登子,富居精市,
冨塚部屋,2026/04/29,46,suddenly,BPS-Battle Programmer Shirase-,天方直実,みゆき,
冨塚部屋,2026/04/29,45,微笑むあなたに会いたい,愛少女ポリアンナ物語 COVER,堀江美都子,富居精市,
冨塚部屋,2026/04/29,44,WAKE UP!,ゴクドーくん漫遊記 ED 1,千聖,みゆき,
冨塚部屋,2026/04/29,43,闇の追跡者,NEWドリームハンター麗夢 夢の騎士達 IM,松井菜桜子,富居精市,
冨塚部屋,2026/04/29,42,JUST DREAM ON,機甲警察メタルジャック OP,JACK BITES,みゆき,
冨塚部屋,2026/04/29,41,行くぜ!カイゼルファイヤー,VS騎士ラムネ&40炎,"草尾毅, 矢尾一樹",富居精市,
冨塚部屋,2026/04/29,40,Odyssey【Off-Cut-On】_草尾毅_ロードス島戦記,,,みゆき,
冨塚部屋,2026/04/29,39,Quo Vadis- ～何処へ～,NG騎士ラムネ&40EX2 ユラユラ銀河帝国大混戦! OP,草尾毅,富居精市,
冨塚部屋,2026/04/29,38,カモン! ヘポイ,RPG伝説ヘポイ OP,草尾毅,みゆき,
冨塚部屋,2026/04/29,37,ACE ATTACKER,スーパーロボット大戦α IN,アップルパイ,富居精市,
冨塚部屋,2026/04/29,36,JUSTICE,VANDREAD the SecondStage OP,工藤亜紀,みゆき,
冨塚部屋,2026/04/29,35,VANISHING TROOPER SPIRALARK ver,スーパーロボット大戦α ORIGINAL STORY D-3 IN,影山ヒロノブ,富居精市,
冨塚部屋,2026/04/29,34,TIME TO COME,スーパーロボット大戦F完結編 IM,岩永雅子,みゆき,
冨塚部屋,2026/04/29,33,UNCHAIN∞WORLD,無限のフロンティアEXCEED スーパーロボット大戦OGサーガ OP,水樹奈々,富居精市,
冨塚部屋,2026/04/29,32,超音戦士ボーグマンメドレー(DON'T LOOK BACK/FOREVER/夜をぶっとばせ!/TENDER)【TVサイズ】,超音戦士ボーグマン,EARTHSHAKER/HIPS,みゆき,
冨塚部屋,2026/04/29,31,SPACE LONELY SOLDIER 〈Aki Version〉,宇宙の騎士テッカマンブレードII NEXT GENERATION2 IM,林原めぐみ,富居精市,
冨塚部屋,2026/04/29,30,Sweet Magic,多聞くん今どっち!? OP,F/ACE,みゆき,
冨塚部屋,2026/04/29,29,君がいるから,黎明のラヴェンデュラ OP,UR@N,富居精市,
冨塚部屋,2026/04/29,28,ふたつの鼓動と赤い罪/ON【パート分け有り】,ヴァンパイア騎士,OFF,みゆき,
冨塚部屋,2026/04/29,27,根性戦隊ガッツマン,根性戦隊ガッツマンOP(サマーリサイタル'98ライブ),宮村優子,富居精市,
冨塚部屋,2026/04/29,26,未完成ランデヴー,かつて魔法少女と悪は敵対していた。 OP,Lezel,みゆき,
冨塚部屋,2026/04/29,25,Blood teller,未来日記,飛蘭,富居精市,
冨塚部屋,2026/04/29,24,Perfect Blue,DRAGONAUT-THE RESONANCE-,,みゆき,
冨塚部屋,2026/04/29,23,さよならのかわりに,この青空に約束を- IN,つぐみ寮寮生会合唱団,富居精市,
冨塚部屋,2026/04/29,22,チャンス,女神候補生 ED 1,小泉恒平,みゆき,
冨塚部屋,2026/04/29,21,空と海のカノン,風の大陸 IM,西脇唯,富居精市,
冨塚部屋,2026/04/29,20,桜花爛漫,境界のRINNE,KEYTALK,みゆき,
冨塚部屋,2026/04/29,19,君なら大丈夫,ふしぎ遊戯(OVA) IM,石塚早織,富居精市,
冨塚部屋,2026/04/29,18,華の淑女,薔薇と椿 テーマソング,桐島ゆか,みゆき,
冨塚部屋,2026/04/29,17,LA ROSE ROUGE (蒼き流星SPTレイズナー_ED) 富沢聖子 (2ch_VC_ON) UVR online版,,,富居精市,
冨塚部屋,2026/04/29,16,ソルジャー・ブルー,機甲猟兵メロウリンク OP,坂井紀雄,みゆき,
冨塚部屋,2026/04/29,15,Silent wind(高画質版),アルジェントソーマ OP,菅井えり,富居精市,
冨塚部屋,2026/04/29,14,Chaos Drifters,ノー・ガンズ・ライフ OP,SawanoHiroyuki[nZk]:Jean,みゆき,
冨塚部屋,2026/04/29,13,心のプラネット〈NUKU NUKU Version〉,万能文化猫娘 SOUND PHASE-0VI IM,林原めぐみ,富居精市,
冨塚部屋,2026/04/29,12,Golden Life,アクティヴレイド -機動強襲室第八係- OP,AKINO with bless4,みゆき,
冨塚部屋,2026/04/29,11,私がクラス委員です。,万能文化猫娘TV IM,根谷美智子,富居精市,
冨塚部屋,2026/04/29,10,予定調和の毎日,超機動伝説ダイナギガ OP,鈴木結女,みゆき,
冨塚部屋,2026/04/29,9,3×3 EYES,3x3 EYES (OVA)MAD,TAKADA BAND,富居精市,
冨塚部屋,2026/04/29,8,塹壕の棺,神魂合体ゴーダンナー!! ED,"水木一郎,堀江美都子",みゆき,
冨塚部屋,2026/04/29,7,心のオネスティー,破邪大星ダンガイオー ED,堀江美都子,富居精市,
冨塚部屋,2026/04/29,6,たたかえ!ガンライザー,鉄神ガンライザー,影山ヒロノブ,みゆき,
冨塚部屋,2026/04/29,5,がんばって!,ネクストキング 恋の千年王国 OP,翠玲,富居精市,
冨塚部屋,2026/04/29,4,路地裏の宇宙少年,地球防衛企業ダイ・ガード OP,ザ・コブラツイスターズ,みゆき,
加古部屋,2026/04/29,4,人誑し/ひとたらし【Ver1 アニメ公式 MV】,あかね噺,桑田佳祐,加古,
冨塚部屋,2026/04/29,3,立て!闘将ダイモス_ささきいさお・コロムビアゆりかご会,闘将ダイモス OP,2CH,富居精市,
加古部屋,2026/04/29,3,渇いた叫び,遊☆戯☆王 OP,FIELD OF VIEW,加古,
冨塚部屋,2026/04/29,2,【鎧真伝サムライトルーパー】「YOAKE」「OP][blankpaper][2tr Off-On],,,みゆき,
加古部屋,2026/04/29,2,Dang Dang 気になる,美味しんぼ OP2,中村由真,加古,
冨塚部屋,2026/04/29,1,tears ～tv version,機動戦士ガンダムSEED DESTINY スペシャルエディションⅡ「それぞれの剣」 ED,lisa,富居精市,
加古部屋,2026/04/29,1,Let's Go!! Rider Kick (TeddyLoid Edit),東島丹三郎は仮面ライダーになりたい 挿入歌,TeddyLoid,加古,
芝ちゃん部屋,2026/04/28,80,【よわよわ先生】よわよわ つよつよ みにみに こわこわ(パート分け)／鶸村ひより(高野麻里佳)、椋林瑞希(伊駒ゆりえ)、雪下祐樹(篠原侑)[on-cut],,,ヒロ,
芝ちゃん部屋,2026/04/28,79,lulu.,葬送のフリーレン(第2期) OP,Mrs.GREEN APPLE,加古,
なぎ部屋,2026/04/26,102,【天然女子高物語(ドラマCD)】Word I need/Aice^5,,,うらけん,
なぎ部屋,2026/04/26,101,歩いていこう!【ver2】,恋する小惑星,東山奈央,あずき,
なぎ部屋,2026/04/26,100,おーぷん☆きゃんばす【パート分け】,ひだまりスケッチ×ハニカム,ゆの(阿澄佳奈)・宮子(水橋かおり)・ヒロ(後藤邑子)・沙英(新谷良子)・乃莉(原田ひとみ)・なずな(小見川千明),タニガワ,
なぎ部屋,2026/04/26,99,笑顔になる(パート分け),幸腹グラフィティ,リョウときりん(佐藤利奈と大亀あすか),なぎ,
なぎ部屋,2026/04/26,98,0616_ヨナカジカル(OnV),-,,うらけん,まさかの自作のみ…
なぎ部屋,2026/04/26,97,なかよし!○!なかよし!(パート分け)【ver1.1】,ご注文はうさぎですか?BLOOM,チマメ隊,あずき,
なぎ部屋,2026/04/26,96,KING OF EVIL【パート分け】,ばっどがーる,天狼群,タニガワ,
なぎ部屋,2026/04/26,95,祭りデス☆クリスマス!!,Rhodanthe New Year Concert 2016 「FIRST MODE」,九条カレン(CV:東山奈央),なぎ,一曲だけライブで失礼します！10年前か…
なぎ部屋,2026/04/26,94,FLY two BLUE(パート分け)【ver2】,はるかなレシーブ,大空遥(優木かな)、比嘉かなた(宮下早紀),うらけん,これだけ聞くと歌いたくなるOP(笑)。
なぎ部屋,2026/04/26,93,Wish me luck!!!!(パート分け)【ver2】,はるかなレシーブ,大空遥(優木かな)、比嘉かなた(宮下早紀)、トーマス・紅愛(種﨑敦美)、トーマス・恵美理(末柄里恵),あずき,
なぎ部屋,2026/04/26,92,【ステラのまほう】God Save The Girls／下地紫野(on-off),-,,タニガワ,
なぎ部屋,2026/04/26,91,JUMPING NOW!!!!,はるかなレシーブ,大空遥(CV:優木かな),なぎ,
なぎ部屋,2026/04/26,90,Won(*3*)Chu KissMe!【2024 1225 結束バンドのきららアニソン歌ってみた CD】,ぼっち・ざ・ろっく!,喜多郁代(CV:長谷川育美),うらけん,天狼群じゃないやつ(笑)。
ブルーベリー部屋,2026/04/26,90,※注意※パロディ動画です【機動戦士ガンダムジークアクス】plazma_米津玄師_on-off_bb105,-,,ブルーベリー,
なぎ部屋,2026/04/26,89,ノーポイッ!(パート分け)【ver1.1】,ご注文はうさぎですか??,Petit Rabbit's,あずき,
ブルーベリー部屋,2026/04/26,89,"僕らは今のなかで【新録,ラブライブ1期OP[ショート]】",2.5次元ラブライブ,2.5次元μ’ｓ（Ｃ＆Ａ）,cp,
なぎ部屋,2026/04/26,88,【スロウスタート】マリンバリンバ／十倉栄依子＆千石冠,-,,タニガワ,
ブルーベリー部屋,2026/04/26,88,,,,ブルーベリー,
なぎ部屋,2026/04/26,87,Make Up Life!(パート分け)【ver2】,RPG不動産,風色琴音(井上ほの花)、ファー(木野日菜)、ルフリア(川井田夏海)、ラキラ(石見舞菜香),なぎ,
ブルーベリー部屋,2026/04/26,87,【アオのハコ】 [OP] Same Blue／Official髭男dism ※1期、2期PV＋24巻宣伝PVカクテル bb291 (On-Off),-,,ブルーベリー,
なぎ部屋,2026/04/26,86,Kiss(and)Love【パート分け】,桜Trick,SAKURA TRICK【春香&優】,うらけん,残り作品が意外と少なかったです！
ブルーベリー部屋,2026/04/26,86,透明 Novelbright 『氷の城壁』,,,加古,
なぎ部屋,2026/04/26,85,,,,うらけん,休憩です！
ブルーベリー部屋,2026/04/26,85,リンク～past and future～【Ver2 アニメ公式 MV(TRUE END版)】,16bitセンセーション ANOTHER LAYER,秋里コノハ(CV:古賀葵),cp,
なぎ部屋,2026/04/26,84,天使にふれたよ!【パート分け】,けいおん!!,放課後ティータイム,あずき,
ブルーベリー部屋,2026/04/26,84,【スノウボールアース】 [ED] 今この胸に滾るのは／ヒグチアイ ※bb304 (On-Off),-,,ブルーベリー,
なぎ部屋,2026/04/26,83,ココロアトラス,恋する小惑星 Asteroid in Love IM,猪瀬舞(指出毬亜),タニガワ,
ブルーベリー部屋,2026/04/26,83,もってけ!セーラーふく (パート分けあり),らき☆すた,泉こなた/柊かがみ/柊つかさ/高良みゆき,ぷにまる,
なぎ部屋,2026/04/26,82,涙はみせない【パート分け】,こみっくがーるず,こみっくがーるず,なぎ,
ブルーベリー部屋,2026/04/26,82,ゼンセカイ歌姫宣言,プリンセッション・オーケストラ In,オルケリア,加古,
なぎ部屋,2026/04/26,81,夢みる乙女,ドージンワーク Ed,水橋舞,うらけん,折角なので自作以外で…1人だけでした(笑)。
ブルーベリー部屋,2026/04/26,81,God knows  キー変更： -4,涼宮ハルヒの憂鬱 IN,平野綾,けんちぃ,
なぎ部屋,2026/04/26,80,P3424_【ハナヤマタ】花ハ踊レヤいろはにほ（Ver3）（パート分け）／ チーム”ハナヤマタ”［on-off］,-,,あずき,
ブルーベリー部屋,2026/04/26,80,The Everlasting Guilty Crown,ギルティクラウン,,cp,
なぎ部屋,2026/04/26,79,P3425_【ハナヤマタ】Dream JUMP!!（Ver3）（パート分け）／チーム”ハナヤマタ”［on-off］,-,,タニガワ,
ブルーベリー部屋,2026/04/26,79,【ソードアート・オンライン -オーディナル・スケール】Catch the Moment ／LiSA bb214 (On-Off),-,,ブルーベリー,
なぎ部屋,2026/04/26,78,【夢喰いメリー】Daydream Syndrome／藤原鞠菜(on-off),-,,なぎ,
ブルーベリー部屋,2026/04/26,78,LAST STARDUST,Fate stay night Unlimited Blade Works,,ぷにまる,
芝ちゃん部屋,2026/04/26,78,Pages,本好きの下剋上 領主の養女,Little Glee Monster,芝ちゃん,
なぎ部屋,2026/04/26,77,Hidamari【完成版 最終話専用 ED】,妻、小学生になる。,Ms.OOJA,うらけん,今回に関しては最後まで残しておくわけにはいかないので…(笑)。何気に初歌唱です！。
ブルーベリー部屋,2026/04/26,77,アザレアの風,うるわしの宵の月 Ed,UNISON SQUARE GARDEN,加古,
芝ちゃん部屋,2026/04/26,77,Singing,映画けいおん! ED,放課後ティータイム(日笠陽子),けんちぃ,
なぎ部屋,2026/04/26,76,うさぎになったバリスタ【(VC):2014Q2】,ご注文はうさぎですか? IM,早見沙織,あずき,
ブルーベリー部屋,2026/04/26,76,BAD SURPRISE【パート分けあり‗bb179】,ばっどがーる ed,天狼群 (on-off),cp,
芝ちゃん部屋,2026/04/26,76,真赤な誓い,武装錬金,福山芳樹,夜空,
なぎ部屋,2026/04/26,75,プラスマイナスゼロの法則(Ver2)(パート分け),球詠,新越谷高校女子野球部,タニガワ,
ブルーベリー部屋,2026/04/26,75,,,,ブルーベリー,
芝ちゃん部屋,2026/04/26,75,ぎゅーどんかーにばる!,ホロライブ IM,白銀ノエル,団長,お腹空いた
なぎ部屋,2026/04/26,74,じゃじゃ馬Way To Go_中野梓(竹達彩奈)_けいおん！,し,,なぎ,
ブルーベリー部屋,2026/04/26,74,[秋期限定栗きんとん事件]火星人【17話映像まで_bb113】,小市民シリーズ op,ヨルシカ,ブルーベリー,
芝ちゃん部屋,2026/04/26,74,【春夏秋冬代行者,feat.夏背(本編3話～4話)][Ed][Orangestar][アニメ][悠季](On-Off),春の舞】[花筏,ゆーき,確認で
なぎ部屋,2026/04/26,73,[れ] 【lv1魔王とワンルーム勇者】［ED］ ミライ＝テレポート／ねんね【on】,-,,うらけん,間にわかば＊ガールを挟むつもりでしたので、偶然にComic Fuzが続きます！
ブルーベリー部屋,2026/04/26,73,SugaRiddle,小市民シリーズ 2nd Season ED,やなぎなぎ,ぷにまる,
芝ちゃん部屋,2026/04/26,73,ポップ・スナック・ジャンクなHUNNY,カナン様はあくまでチョロい ED,あおぎり高校,ヒロ,
なぎ部屋,2026/04/26,72,なにが悪い,ぼっち・ざ・ろっく!,結束バンド,あずき,
ブルーベリー部屋,2026/04/26,72,RES∞NALIST,ゴーストコンサート missing Songs In,相葉芹亜(CV:藤寺美徳)、クレオパトラ(CV:日高里菜),加古,
芝ちゃん部屋,2026/04/26,72,何なんですか?,『女神「異世界転生何になりたいですか」 俺「勇者の肋骨で」,shallm,芝ちゃん,
なぎ部屋,2026/04/26,71,初めてガールズ! (パート分け),わかば*ガール,"一年藤組(小澤亜李,井澤美香子,M・A・O,村川梨衣)",タニガワ,
ブルーベリー部屋,2026/04/26,71,Daydream café【MV版】,ご注文はうさぎですか,Petit Rabbit's,cp,
芝ちゃん部屋,2026/04/26,71,NOX LUX,Re:ゼロから始める異世界生活 ED,MYTH&ROID,けんちぃ,
なぎ部屋,2026/04/26,70,スクールはいたっち!(パート分け),三者三葉,とりぷる♣ふぃーりんぐ,なぎ,
ブルーベリー部屋,2026/04/26,70,【デュエル・マスターズ プレイス】 Evergreen ／ satella feat. 伊波杏樹 ※自然の守護者チュリン・テーマソング bb307 (On-Off),-,,けんちぃ,
芝ちゃん部屋,2026/04/26,70,Believe in you,Re:ゼロから始める異世界生活 ED 4,nonoc,夜空,
なぎ部屋,2026/04/26,69,The Sunshower,へやキャン△,亜咲花,うらけん,きららオフじゃないとそうそう歌わない曲です！
ブルーベリー部屋,2026/04/26,69,【チェンソーマン レゼ篇】[MV]IRIS OUT／米津玄師 (on-off) [ブルーベリー] ※公式MV_bb186,-,,加古,
芝ちゃん部屋,2026/04/26,69,快盗Vを見逃すな【パート分け】,アイドルマスター シャイニーカラーズ,放課後クライマックスガールズ,団長,
なぎ部屋,2026/04/26,68,ぽっぴんジャンプ♪(パート分け)【ver1.1】,ご注文はうさぎですか?,チマメ隊,あずき,
ブルーベリー部屋,2026/04/26,68,【灰原くんの強くてニューゲーム】[Fly Again!!修正版][Op][前島亜美][悠季](On-Off) - コピー - コピー  キー変更： -3,,,ゆーき,
芝ちゃん部屋,2026/04/26,68,【自動販売機に生まれ変わった俺は迷宮を彷徨う_3rd,4][Ed][FUWAMOCO][アニメ][悠季](On-Off),season】[めくるめくランデヴー修正,ゆーき,パート弄ったので確認
なぎ部屋,2026/04/26,67,【ひだまりスケッチ×☆☆☆】white days/なずな(cv小見川千明),,,タニガワ,
ブルーベリー部屋,2026/04/26,67,【スノウボールアース】 [OP] 零-zero-／tuki ※bb303 (On-Off),-,,ヒロ,
芝ちゃん部屋,2026/04/26,67,ちゅーんあっぷ☆,黒猫と魔女の教室 ED,スピラ・スピカ,ヒロ,
なぎ部屋,2026/04/26,66,レイドバックジャーニー【Ver2】,ゆるキャン△ Season3,キミのね,なぎ,
ブルーベリー部屋,2026/04/26,66,【日本三國】 [ED] 誓い／Leina ※bb301 (On-Off),-,,ブルーベリー,練習ー
芝ちゃん部屋,2026/04/26,66,Kill or Kiss,マリッジトキシン OP,平手友梨奈,芝ちゃん,
なぎ部屋,2026/04/26,65,ごまかし【Ver2】,マギアレコード 魔法少女まどか マギカ外伝,,うらけん,もちろん、こう繋がります！
ブルーベリー部屋,2026/04/26,65,0933_フレンズ(OnV)【ダンス イン ザ ヴァンパイアバンド／中野愛子】,-,,団長,ちょくちょく歌ってはいるけど　ゆかりでは歌ったことなかったかも　多分
芝ちゃん部屋,2026/04/26,65,初恋モーメント,カナン様はあくまでチョロい OP,Faulieu.,けんちぃ,字幕修正確認で
なぎ部屋,2026/04/26,64,やじるし→(パート分け)【ver1.1】,スローループ,ぽかぽかイオン(東山奈央、安野希世乃),あずき,
ブルーベリー部屋,2026/04/26,64,【呪術廻戦】 [ED] よあけのうた／jo0ji bb257 (On-Off),-,,加古,
芝ちゃん部屋,2026/04/26,64,シルシ,ソードアート・オンラインII ED 3,LiSA,夜空,
なぎ部屋,2026/04/26,63,きみのとなり,ばっどがーる,涼風涼(CV.松岡美里),タニガワ,
ブルーベリー部屋,2026/04/26,63,【幼馴染とはラブコメにならない】 [op] あいらびゅ♡／HoneyWorks meets 久住琳 芹澤優 平塚紗依 山本悠有希 ※パート分け有耳コピ bb242 (On-Off),-,,ゆーき,
芝ちゃん部屋,2026/04/26,63,チェキチェキ LOVE ME 有馬かな Solo Ver【第3期 有馬かな のみ編集100%動画 キャラクターソングCD Vol.5】,【推しの子】,有馬かな(CV:潘めぐみ),団長,練習
なぎ部屋,2026/04/26,62,Search Light(デュエットVer パート分け),城下町のダンデライオン,桜庭らいと(CV:小倉唯)&米澤紗千子(CV:三澤紗千香),なぎ,
ブルーベリー部屋,2026/04/26,62,オリビアを聴きながら,スナックバス江 第1話ED,明美(CV.高橋李依),ヒロ,
芝ちゃん部屋,2026/04/26,62,【D.CⅢ～ダ・カーポⅢ～】[TRUE,花たん][ゲーム][悠季](On-Off),MAGIC......][Op][YURiCa,ゆーき,今週作った譜面チェックします！
なぎ部屋,2026/04/26,61,P3176_劇場版 魔法少女まどか☆マギカ [新編] 叛逆の物語 ED Kalafina - 君の銀の庭,-,,うらけん,滅多なことでは歌わない曲です！
ブルーベリー部屋,2026/04/26,61,【本好きの下剋上 領主の養女】 [ED] 今も、ありがとう／生田絵梨花 ※bb296 (On-Off),-,,ブルーベリー,
芝ちゃん部屋,2026/04/26,61,【ガンバレ！中村くん！！】 [ED] 初恋／村下孝蔵 ※1話目ED bb295 (On-Off),,,ヒロ,
成田部屋,2026/04/26,61,超時空要塞マクロス 愛・おぼえていますか EDテーマ_天使の絵の具_飯島真理_4CH_画質UP版,-,,まる,
なぎ部屋,2026/04/26,60,Morning Glory,サクラクエスト,(K)NoW_NAME,あずき,
ブルーベリー部屋,2026/04/26,60,ラブ・ストーリーは突然に【ED7 第7話 ED】,時々ボソッとロシア語でデレる隣のアーリャさん,アーリャ(CV:上坂すみれ),団長,
芝ちゃん部屋,2026/04/26,60,DEAD OR LOVE,逃がした魚は大きかったが釣りあげた魚が大きすぎた件 ED,吉乃,芝ちゃん,
成田部屋,2026/04/26,60,Synchrogazer,戦姫絶唱シンフォギア OP,水樹奈々,ひろえ,
なぎ部屋,2026/04/26,59,Summer dream syndrome,Aチャンネル A-CHANNEL THE ANIMATION,,タニガワ,
ブルーベリー部屋,2026/04/26,59,【俺の妹がこんなに可愛いわけがない】 [TM] nexus／ClariS ※パート分け有 ラノベ・PSPゲームテーマソング bb278 (On-Off),-,,加古,
芝ちゃん部屋,2026/04/26,59,Cusp,黒猫と魔女の教室 OP,ASCA,けんちぃ,練習する
成田部屋,2026/04/26,59,飛ぶ時,黄泉のツガイ OP,Vaundy,けんしん,
なぎ部屋,2026/04/26,58,きらめきいろサマーレインボー,ハロー!!きんいろモザイク 10話OP,Rhodanthe,なぎ,
ブルーベリー部屋,2026/04/26,58,【愛してるゲームを終わらせたい】[リトルワールド][Ed][PompadollS][アニメ][悠季](On-Off)  キー変更： -3,,,ゆーき,
芝ちゃん部屋,2026/04/26,58,一千万年銀河,機動戦士ガンダムΖΖ ED 2,ひろえ純,夜空,
成田部屋,2026/04/26,58,【劇場版マクロスF】オベリスク／シェリル・ノーム=May'n(2ch-VC)※NUK提供,-,,藤原,
なぎ部屋,2026/04/26,57,P2414_アルドノア・ゼロ OP heavenly blue,-,,うらけん,準きららへ…
ブルーベリー部屋,2026/04/26,57,【ガンバレ！中村くん！！】 [ED] 初恋／村下孝蔵 ※1話目ED bb295 (On-Off),-,,ヒロ,
芝ちゃん部屋,2026/04/26,57,JUMP IN【パート分け有】,この素晴らしい世界に爆焔を! ED,"めぐみん(CV:高橋李依),豊崎愛生",団長,
成田部屋,2026/04/26,57,ソナーレ,違国日記 OP,TOMOO,まる,
なぎ部屋,2026/04/26,56,【ぼっち・ざ・ろっく！】[ED]カラカラ／結束バンド (On-Cut)【naoo】,-,,あずき,
ブルーベリー部屋,2026/04/26,56,【淡島百景】 [OP] blue hour ／ hanahope ※bb310 (On-Off),-,,ブルーベリー,練習ー
芝ちゃん部屋,2026/04/26,56,しあわせフレーバー【パート分け】,メイドさんは食べるだけ ED,ARCANA PROJECT,ゆーき,
成田部屋,2026/04/26,56,私の彼はパイロット,マクロスF,中島愛,ひろえ,
なぎ部屋,2026/04/26,55,あっちでこっちで【パート分け有】,あっちこっち,,タニガワ,
ブルーベリー部屋,2026/04/26,55,うれしい!たのしい!大好き!,お隣の天使様にいつの間にか駄目人間にされていた件2 ED1,椎名真昼,団長,練習
芝ちゃん部屋,2026/04/26,55,BEAUTIFUL,姫騎士は蛮族の嫁 OP,前島麻由,ヒロ,
成田部屋,2026/04/26,55,娘々FIRE!!～突撃プラネットエクスプロージョン,マクロスFB7 銀河流魂 オレノウタヲキケ!,"May'n,中島愛,FIRE BOMBER",藤原,
なぎ部屋,2026/04/26,54,僕と三原色(い・ろ・は・すタイアップ楽曲 スペシャルムービーVer),ぼっち・ざ・ろっく!,結束バンド,なぎ,
ブルーベリー部屋,2026/04/26,54,【とんがり帽子のアトリエ】 [OP] 風のアンセム／Eve featuring suis from ヨルシカ ※パート分け bb305 (On-Off),-,,加古,
芝ちゃん部屋,2026/04/26,54,部屋移動の時間です。,,,システム,
成田部屋,2026/04/26,54,I,僕のヒーローアカデミア FINAL SEASON ED,GUMI,成田,とりあえず弱ボーカルで
なぎ部屋,2026/04/26,53,ときめきランデヴー【パート分け】,まちカドまぞく2丁目,shami momo(吉田優子(小原好美)、千代田桃(鬼頭明里),うらけん,ドまぞも外せませんね。
ブルーベリー部屋,2026/04/26,53,【上伊那ぼたん、酔へる姿は百合の花】 [OP] 芽吹くとき／yonige bb 298 (On-Off),-,,ゆーき,おかわり()
芝ちゃん部屋,2026/04/26,53,Giant Step,仮面ライダーフォーゼ,Astronauts,けんちぃ,
成田部屋,2026/04/26,53,IRIS OUT【公式アニメMV】,劇場版 チェンソーマン レゼ篇,米津玄師,まる,
なぎ部屋,2026/04/26,52,,,,うらけん,休憩です
ブルーベリー部屋,2026/04/26,52,【姫騎士は蛮族の嫁】 [ED] シルベキコト／sajou no hana ※bb306 (On-Off),-,,ヒロ,
芝ちゃん部屋,2026/04/26,52,ボクたちにあるもの,うえきの法則 Ed,朴璐美,芝ちゃん,
成田部屋,2026/04/26,52,恋はドッグファイト,マクロスF 恋離飛翼～サヨナラノツバサ～ In,中島愛,ひろえ,
なぎ部屋,2026/04/26,51,WELCOME う・さ!【パート分け】,ご注文はうさぎですか??,ココア、チノ、リゼ、千夜、シャロ、マヤ、メグ、青山、モカ,あずき,
ブルーベリー部屋,2026/04/26,51,【キルアオ】 [OP] ATTITUDE ／ aespa ※漫画MVもちょいプラス　bb309 (On-Off),-,,ブルーベリー,練習ー
芝ちゃん部屋,2026/04/26,51,Kawaii Kaiwai【パート分け有り、Ver2】,その着せ替え人形は恋をする Season 2 ED,PiKi,cp,
成田部屋,2026/04/26,51,pink monsoon,マクロスF 虚空歌姫～イツワリノウタヒメ～ IN,May'n,藤原,
なぎ部屋,2026/04/26,50,君の手　佐藤先生 (OnVocal),-,,タニガワ,
ブルーベリー部屋,2026/04/26,50,結婚行進曲【_パート分け】,夜桜さんちの大作戦 ED2,ASOBI同盟,団長,練習
芝ちゃん部屋,2026/04/26,50,とある科学の超電磁砲 OPメドレー(cut&コーラス入-on) ／ fripSide_4作A ／ けんちぃ_090,と,,けんちぃ,自分で組んだメドレー
成田部屋,2026/04/26,50,【マクロスF】［IM］Songbird／ランカ・リー(CV：中島愛)（On-Semi-Mvc-Cut）,-,,まる,
なぎ部屋,2026/04/26,49,しんがーそんぐぱやぽやメロディー【パート分け】,ご注文はうさぎですか??～Sing For You～,Petit Rabbit's with beans,なぎ,
ブルーベリー部屋,2026/04/26,49,【葬送のフリーレン】 [OP] lulu．／Mrs．GREENAPPLE bb285(On-Off),-,,加古,
芝ちゃん部屋,2026/04/26,49,鳥の詩,AIR OP,Lia,夜空,
成田部屋,2026/04/26,49,ユニバーサル・バニー【パート分け有】,マクロスF 虚空歌姫～イツワリノウタヒメ～ IN,May'n,ひろえ,
なぎ部屋,2026/04/26,48,キルミーのベイベー!(パート分け),キルミーベイベー,やすなとソーニャ,うらけん,キルミーは外せないですね！
ブルーベリー部屋,2026/04/26,48,【愛してるゲームを終わらせたい】[君のせいで愛してる][Op][CHiCO_with_HoneyWorks][アニメ][悠季](On-Off),-,,ゆーき,
芝ちゃん部屋,2026/04/26,48,言わないけどね。【パート分け有り、LIVE映像(クリスマスイヴイヴイヴライブ～あたため上手の高木サンタ～)】,からかい上手の高木さん OP,大原ゆい子,ぷにまる,
成田部屋,2026/04/26,48,綺麗な花には毒がある【《アニメ映像》パート分け有り】,劇場版マクロスΔ 絶対LIVE!!!!!! IN,Yami_Q_ray,藤原,
なぎ部屋,2026/04/26,47,あなたとSTORY_佐倉慈(茅野愛衣)_がっこうぐらし,あ,,あずき,
ブルーベリー部屋,2026/04/26,47,【霧尾ファンクラブ】 [OP] FANCLUB ／ Skirt & ODD Foot Works ※パート分け無し暫定 bb311 (On-Off),-,,ヒロ,
芝ちゃん部屋,2026/04/26,47,Es～dirty aspiration～,え,初音ミク,虎ノ藤,
成田部屋,2026/04/26,47,SUPERNOVA【アニメ映像ver2.0・最終話まで】,Dr.STONE OP7,KANA-BOON,けんしん,
なぎ部屋,2026/04/26,46,ゆるゆらりる(パート分け)【ver1.1】,スローループ,Three∞Loop,タニガワ,
ブルーベリー部屋,2026/04/26,46,【オタクに優しいギャルはいない】 [OP] HIDE AND SEEK ／ i-dle ※パート分け無し暫定 bb312 (On-Off),-,,ブルーベリー,練習ー
芝ちゃん部屋,2026/04/26,46,ありがと、大好きになってくれて【パート分け】,君のことが大大大大大好きな100人の彼女 OP,恋太郎ファミリー,芝ちゃん,
成田部屋,2026/04/26,46,時の迷宮【アニメ映像・CD版パート分け有り】,劇場短編マクロスF ～時の迷宮～ TM,"シェリル・ノーム(CV:May'n),ランカ・リー(CV:中島愛)",ひろえ,
なぎ部屋,2026/04/26,45,Go!業!スクールライフ☆(パート分け),あんハピ♪,"はなこ(花守ゆみり),ぼたん(安野希世乃),レン(吉岡茉祐)",なぎ,
ブルーベリー部屋,2026/04/26,45,メルト,ぷにるはかわいいスライム Im,ぷにる(CV 篠原 侑),団長,超かぐや姫verよりこっちの方がやっぱ好きやわ
芝ちゃん部屋,2026/04/26,45,愛♡スクリーム【ver2 パート分け有_bb125】,オールナイトニッポンGOLD,AiScReam,cp,
成田部屋,2026/04/26,45,Sincerely,ヴァイオレット・エヴァーガーデン OP,TRUE,まる,
ブルーベリー部屋,2026/04/26,44,【あかね噺】 [OP] 人誑し ひとたらし／桑田佳祐 ※アニメMV＋ちょい編集 bb292 (On-Off),-,,加古,
なぎ部屋,2026/04/26,44,色彩戦隊イロドルンジャー(OnV)【GA 芸術科アートデザインクラス／イロドルンジャー】,-,,うらけん,行きの列車30分でオンボーカルにしました！。はじめて歌います！。
芝ちゃん部屋,2026/04/26,44,逆夢,劇場版 呪術廻戦 0 ED,King Gnu,けんちぃ,
成田部屋,2026/04/26,44,娘々サービスメドレー,マクロスF IN,May'n,藤原、まる,
ブルーベリー部屋,2026/04/26,43,【メイドさんは食べるだけ】[リボン(TV.size)][Op][majiko][アニメ][悠季](On-Off),-,,ゆーき,フルサイズ待ってます笑()
なぎ部屋,2026/04/26,43,おいしいパンの作り方,ご注文はうさぎですか??,,あずき,
芝ちゃん部屋,2026/04/26,43,デビルマンの歌,デビルマン OP,十田敬三、ボーカル・ショップ,夜空,
成田部屋,2026/04/26,43,業魂REQUIEMER,ゴーストコンサート:missing Songs OP,相葉芹亜(CV.藤寺美徳),けんしん,
ブルーベリー部屋,2026/04/26,42,うたまひ,神の庭付き楠木邸 ED,JYOCHO,ヒロ,
なぎ部屋,2026/04/26,42,ミラクル☆マジカル☆ムーンレンジャー,NEW GAME!,,タニガワ,
芝ちゃん部屋,2026/04/26,42,朔の贄,贄姫と獣の王 OP 1,BIN,ぷにまる,
成田部屋,2026/04/26,42,ワルキューレはあきらめない【《歌マクロス映像》パート有】,劇場版マクロスΔ 絶対LIVE!!!!!!,ワルキューレ,ひろえ、藤原、まる,
ブルーベリー部屋,2026/04/26,41,零-zero【-】,スノウボールアース OP,tuki.,ブルーベリー,
なぎ部屋,2026/04/26,41,0116_ネズミ戦隊ネズレンジャー(4人Ver.)(OnV),-,,なぎ,
芝ちゃん部屋,2026/04/26,41,One Last Kiss【劇場予告+冒頭映像-Ver2】,シン・エヴァンゲリオン劇場版 ED 1,宇多田ヒカル,虎ノ藤,
成田部屋,2026/04/26,41,愛してる【《ワルキューレLIVE2022映像》パート分け有り】,劇場版マクロスΔ 絶対LIVE!!!!!! IM,ワルキューレ,まる,
ブルーベリー部屋,2026/04/26,40,ユノハノモリ,アクエリオンevol ED2,ユノハ・スルール(CV.小倉唯),団長,2ヶ月ぶりに歌う
なぎ部屋,2026/04/26,40,ワクワクシークヮーサー,はるかなレシーブ,大城あかり(CV:木村千咲),うらけん,これは今日は歌いたかった！
芝ちゃん部屋,2026/04/26,40,なぜ?謎?!ANSWER,名探偵プリキュア! ED,"熊田茜音,増井優花",芝ちゃん,
成田部屋,2026/04/26,40,白銀【《アニメ映像》】,鬼滅の刃 無限列車編 ED 2,LiSA,藤原,
ブルーベリー部屋,2026/04/26,39,儚くも永久のカナシ,機動戦士ガンダム00,,夜空,
なぎ部屋,2026/04/26,39,ときめきポポロン♪(パート分け)【ver2.1】,ご注文はうさぎですか??,チマメ隊,あずき,
芝ちゃん部屋,2026/04/26,39,キミとルララ【パート分け】,キミとアイドルプリキュア♪ ED2,松岡美里,cp,
成田部屋,2026/04/26,39,かすかなはな【アニメ映像ver3.1・最終話まで・パート分け有り】,地獄楽 OP,"キタニタツヤ,BABYMETAL",けんしん、成田,入れる方いたらお願いします。
ブルーベリー部屋,2026/04/26,38,,,,ブルーベリー,
なぎ部屋,2026/04/26,38,GO!GO!MANIAC,ばっどがーる_4パート分け カバー,天狼群,タニガワ,
芝ちゃん部屋,2026/04/26,38,Eternal Story,イリスのアトリエ エターナルマナ2 OP,霜月はるか,けんちぃ,
成田部屋,2026/04/26,38,絶対零度θノヴァティック【パート分け有り】,マクロスΔ(デルタ) OP 2,ワルキューレ,ひろえ、まる,
ブルーベリー部屋,2026/04/26,37,聖少女領域,ローゼンメイデン トロイメント,ALI PROJECT,ぷにまる,
なぎ部屋,2026/04/26,37,セカイがカフェになっちゃった!【パート分け】,ご注文はうさぎですか?? ～Dear My Sister～,Petit Rabbit's with beans,なぎ,ごちうさはやっぱりこれ！
芝ちゃん部屋,2026/04/26,37,Dear Shine Sky,ひろがるスカイ!プリキュア ED2,吉武千颯,夜空,
成田部屋,2026/04/26,37,MELODEA【_MV版】,SI-VIS:The Sound of Heroes 挿入歌,SI-VIS,藤原,
ブルーベリー部屋,2026/04/26,36,【日本三國】 [OP] 火種／キタニタツヤ ※bb300 (On-Off),-,,ブルーベリー,練習
なぎ部屋,2026/04/26,36,Daydream cafe【2024 1225 結束バンドのきららアニソン歌ってみた CD】,ぼっち・ざ・ろっく!,山田リョウ(CV:水野朔),うらけん,このシリーズ、作りたかったです！
芝ちゃん部屋,2026/04/26,36,double-action,仮面ライダー電王,良太郎&モモタロス,ぷにまる,
成田部屋,2026/04/26,36,【劇場版マクロスF】虹色クマクマ／ランカ・リー=中島愛(Off-On)※MCN提供,-,,まる、ひろえ,
ブルーベリー部屋,2026/04/26,35,二千年... 若しくは... 二万年後の君へ・・・【_Ver2】,進撃の巨人 The Final Season 完結編 主題歌,Linked Horizon,けんちぃ,配信では字幕がないw
なぎ部屋,2026/04/26,35,はるのとなり,ゆるキャン△ SEASON2,佐々木恵梨,あずき,
芝ちゃん部屋,2026/04/26,35,ポケモンSPMV「GOTCHA!」+MAD_アカシア_BUMP OF CHICKEN_2CH,ほ,,虎ノ藤,
成田部屋,2026/04/26,35,火種【暫定版】,日本三國 OP,キタニタツヤ,けんしん,
ブルーベリー部屋,2026/04/26,34,コノユビトマレ,賭ケグルイ××,,団長,
なぎ部屋,2026/04/26,34,月夜にお砂糖星【歌詞のみ】,ご注文はうさぎですか?,,タニガワ,
芝ちゃん部屋,2026/04/26,34,しあわせフレーバー【パート分け】,メイドさんは食べるだけ ED,ARCANA PROJECT,芝ちゃん,
成田部屋,2026/04/26,34,インフィニティ #7,マクロスF IN,May'n,ひろえ、藤原,
ブルーベリー部屋,2026/04/26,33,FIRE BIRD (パート分けあり),BanG Dream! 2nd Season,Roselia(湊友希那/氷川紗夜/今井リサ/宇田川あこ/白金燐子),夜空,
なぎ部屋,2026/04/26,33,青春エレジーと飛行機雲,ゆゆ式,櫟井唯(CV:津田美波),なぎ,
芝ちゃん部屋,2026/04/26,33,POP IN 2【《Ver2.1》パート分け有り】,【推しの子】 IN,B小町,cp,
成田部屋,2026/04/26,33,もうどうなってもいいや【ver3.1・最終話まで】,機動戦士Gundam GQuuuuuuX ED,星街すいせい,まる,
ブルーベリー部屋,2026/04/26,32,【アズールレーン5周年記念主題歌】碧い砲撃／オーイシマサヨシ(on-off),-,,虎ノ藤,
なぎ部屋,2026/04/26,32,メニメリ・メモリーズ!(パート分け)【ver2】,mono,シネフォト部(雨宮さつき(CV.三川華月)、霧山アン(CV.古賀葵)、敷島桜子(CV.遠野ひかる),うらけん,今度こそ初めて歌う曲です！
芝ちゃん部屋,2026/04/26,32,【[劇場版]ひゃくえむ。 主題歌】 らしさ(cut&コーラス入-on)_ver2 ／ Official髭男dism_1037,,,けんちぃ,
成田部屋,2026/04/26,32,LOVE! THUNDER GLOW,マクロスΔ(デルタ) ED スポット放映 第18話,ワルキューレ,藤原,
ブルーベリー部屋,2026/04/26,31,悲しみよこんにちは_斉藤由貴_めぞん一刻OP_2ch(on off)_bb92,-,,ぷにまる,
なぎ部屋,2026/04/26,31,ふ・れ・ん・ど・し・た・い(パート分け)【ver3】,がっこうぐらし!,学園生活部(水瀬いのり、小澤亜季、M・A・O、高橋李依),あずき,
芝ちゃん部屋,2026/04/26,31,BLEACH・ED_マイペース_SunSet Swish_2CH,,,夜空,
成田部屋,2026/04/26,31,AIZO【パート分け】,呪術廻戦 OP,King Gnu,けんしん、成田,成田さんお願いします。
ブルーベリー部屋,2026/04/26,30,【BanG Dream! Ave Mujica】[op]KiLLKiSS／Ave Mujica(On-Off) bb196,-,,ブルーベリー,思い出す
なぎ部屋,2026/04/26,30,【うらら迷路帖】[CS]かしこみかしこみ／小梅 CV.久保ユリカ(On-Cut)【naoo】,-,,タニガワ,
芝ちゃん部屋,2026/04/26,30,HEROES,片田舎のおっさん、剣聖になる OP,西川貴教,ぷにまる,
成田部屋,2026/04/26,30,破滅の純情【パート分け有り】,マクロスΔ(デルタ) ED 2,ワルキューレ,ひろえ,
ブルーベリー部屋,2026/04/26,29,アイワナムチュー,うる星やつら OP2,"MAISONdes feat. asmi,すりぃ",けんちぃ,
なぎ部屋,2026/04/26,29,See The Light,ゆるキャン△ Have a nice day!,亜咲花,なぎ,
芝ちゃん部屋,2026/04/26,29,部屋移動の時間です。,,,システム,
成田部屋,2026/04/26,29,恋!ハレイション THE WAR【ver2.1・パート分け有り】,マクロスΔ(デルタ),ワルキューレ,まる,
ブルーベリー部屋,2026/04/26,28,ENJOY IT!,ラブライブ!虹ヶ咲学園スクールアイドル同好会 アニメ2期第3話挿入歌,QU4RTZ,団長,
なぎ部屋,2026/04/26,28,BAD SURPRISE(パート分け)【ver2.1】,ばっどがーる,天狼群,うらけん,まだ歌っていない曲から…今日までに動画作りたかった…。
芝ちゃん部屋,2026/04/26,28,Angel Beat,電脳天使ジブリール Op,U,加古,
成田部屋,2026/04/26,28,ダイアモンド クレバス,マクロスF ED 1,May'n,藤原,
ブルーベリー部屋,2026/04/26,27,Neo-Aspect (パート分けあり),BanG Dream!,Roselia(湊友希那/氷川紗夜/今井リサ/宇田川あこ/白金燐子),夜空,
なぎ部屋,2026/04/26,27,点と線【Ver2】,星屑テレパス,伊藤美来,あずき,
芝ちゃん部屋,2026/04/26,27,【ヒロインたるもの】[可愛くてごめん]『』「 feat. ちゅーたん(CV：早見沙織）／HoneyWorks」,,,cp,
crom部屋,2026/04/26,27,【サイレント・ウィッチ 沈黙の魔女の隠しごと】[OP]Feel(on-off)／羊文学,-,,エミ,
成田部屋,2026/04/26,27,dシュディスタb [DUO] (cut) 劇場版 マクロスF 恋離飛翼-サヨナラノツバサ(On-Semi-Mvc-Cut),-,,成田,
成田部屋,2026/04/26,27,dシュディスタb [DUO] (cut) 劇場版 マクロスF 恋離飛翼-サヨナラノツバサ(On-Semi-Mvc-Cut),-,,藤原、まる,
ブルーベリー部屋,2026/04/26,26,,,,ブルーベリー,
なぎ部屋,2026/04/26,26,【ばっどがーる】[Im]AWAKE__(on-off)_パート分け／天狼群,-,,タニガワ,
芝ちゃん部屋,2026/04/26,26,同担☆拒否,告白実行委員会 Im,ちゅーたん(CV:早見沙織),ゆーき,唯一歌える譜面かも
crom部屋,2026/04/26,26,【貴族転生 ～恵まれた生まれから最強の力を得る～ ED】 You'll Be In My Heart ～そばに～(cut&コーラス入-on) ／ アリーチェ(CV.橘杏咲)_けんちぃ_1172,,,crom,
成田部屋,2026/04/26,26,ノーザンクロス,マクロスF ED 2,May'n,けんしん,
ブルーベリー部屋,2026/04/26,25,零-zero【-】,スノウボールアース OP,tuki.,ブルーベリー,よろしくお願いします
なぎ部屋,2026/04/26,25,ブレンド・プラス【パート分け】,ブレンド・S,ブレンド・A(和氣あず未・鬼頭明里・春野杏),なぎ,
芝ちゃん部屋,2026/04/26,25,恋はプリズム【パート分け有り※プレミアム版】,イチゴ哀歌～雑で生イキな妹と割り切れない兄～ Tm,あかしゆきと乙倉ゅい,芝ちゃん,
crom部屋,2026/04/26,25,Ever stay snow,Snow Drop OP,SHIHO,エミ,
成田部屋,2026/04/26,25,Good job!【本人映像、パート分け修正】,マクロスF IM,"シェリル・ノーム(CV:May'n),ランカ・リー(CV:中島愛)",ひろえ,
ブルーベリー部屋,2026/04/26,24,去り際のロマンティクス【_Ver2】,[劇場版]機動戦士ガンダムSEED FREEDOM ED,See-Saw,けんちぃ,
なぎ部屋,2026/04/26,24,Torchlight～夢の灯り～,きららファンタジア,KiraraQuintet,うらけん,きららファンタジア！
芝ちゃん部屋,2026/04/26,24,はかりたい好感度【プレミアム版】,茉莉花ちゃんの好感度はぶっ壊れている Tm,千歳茉莉花(CV内田真礼),ヒロ,
crom部屋,2026/04/26,24,転生したらドラゴンの卵だった (off-UVRchorus-on) Gliding Claw(feat. AYAME)【Sizuk】※Ver2 最終話まで,,,crom,
成田部屋,2026/04/26,24,ギラギラサマー(^ω^)ノ,マクロスF 虚空歌姫～イツワリノウタヒメ～ IM,May'n,藤原,
ブルーベリー部屋,2026/04/26,23,to the beginning,Fate/Zero,,ぷにまる,
なぎ部屋,2026/04/26,23,夜空_鈴木みのり_恋する小惑星,-,,あずき,
芝ちゃん部屋,2026/04/26,23,COMIT COMET【超よわよわver._第2話まで】,よわよわ先生 OP,DAOKO,加古,
crom部屋,2026/04/26,23,ユキトキ,やはり俺の青春ラブコメはまちがっている。 OP,やなぎなぎ,エミ,
成田部屋,2026/04/26,23,マイ・ビューティフル・プレイス,超時空要塞マクロス IN,飯島真理,成田,
ブルーベリー部屋,2026/04/26,22,Rally Go Round,ニセコイ:,,団長,
なぎ部屋,2026/04/26,22,ポラリスをみつけたら,恋する小惑星 Asteroid in Love IM,森野真理(上坂すみれ),タニガワ,
芝ちゃん部屋,2026/04/26,22,教えて...!トゥインクル☆【Ver2】,スター☆トゥインクルプリキュア ED,吉武千颯,cp,
crom部屋,2026/04/26,22,【グラスリップ】夏の日と君の声／ChouCho※OP crm,,,crom,
成田部屋,2026/04/26,22,僕らの戦場【アニメ映像ver2.0・パート分け有り】,マクロスΔ(デルタ) IN 第4話、第9話、第18話、第22話、第26話,ワルキューレ,けんしん,
成田部屋,2026/04/26,21,未来はオンナのためにある【歌マクロス映像・パート分け有・マクロスデルタ】,劇場版マクロスΔ 絶対LIVE!!!!!! IM,ワルキューレ,ひろえ,
ブルーベリー部屋,2026/04/26,21,Brave Shine,Fate stay night Unlimited Blade Works,,ぷにまる,
なぎ部屋,2026/04/26,21,ごはんの練習(パート分け),幸腹グラフィティ,リョウときりん(佐藤利奈と大亀あすか),なぎ,
芝ちゃん部屋,2026/04/26,21,ユメノツバサ,ツバサ・クロニクル 年代記 In,牧野由依,ゆーき,確か前に作った挿入歌これだった、、はず
crom部屋,2026/04/26,21,Green jade,治癒魔法の間違った使い方,ChouCho,エミ,
成田部屋,2026/04/26,20,【マクロスΔ】挿入歌「AXIA～ダイスキでダイキライ～」『ワルキューレ』(On-Semi-Mvc-Cut),-,,藤原,
ブルーベリー部屋,2026/04/26,20,Brave Shine,Fate/stay night Unlimited Blade Works,Aimer,ぷにまる,
なぎ部屋,2026/04/26,20,Affection,ゆゆ式,Mayumi Morinaga,うらけん,実は幽閉サテライトのsenyaさんと同一人物です。
芝ちゃん部屋,2026/04/26,20,happy endings,絶園のテンペスト Ed,花澤香菜,芝ちゃん,
crom部屋,2026/04/26,20,【29歳独身中堅冒険者の日常 OP】 君が灯してくれた光を今(cut&コーラス入-off-on)_第1話ED版 ／ HoneyWorks feat.Hanon_けんちぃ_1138,,,crom,
成田部屋,2026/04/26,19,キキワケナイ!【《ワルキューレ LIVE 2022映像》パート分け有】,マクロスΔ(デルタ) IM,ワルキューレ,成田,
ブルーベリー部屋,2026/04/26,19,【劇場版 機動戦士ガンダムⅢ めぐりあい宇宙】 めぐりあい／井上大輔 bb288 (On-Off),-,,夜空,
なぎ部屋,2026/04/26,19,【幸腹グラフィティ】[OP]幸せについて私が知っている5つの方法／坂本真綾(On-Cut)【naoo】,-,,あずき,
芝ちゃん部屋,2026/04/26,19,茨の道,ゴーストコンサート missing Songs Ed,オデッセウス(CV:寿美菜子),ヒロ,
crom部屋,2026/04/26,19,【素晴らしき日々】空気力学少女と少年の詩【off Vocal】,-,,エミ,
成田部屋,2026/04/26,18,チェンジ!!!!!【ワルキューレLIVE2018 day-2映像・パート有・マクロスデルタ・動画修正ver2.0】,劇場版マクロスΔ 激情のワルキューレ IN,ワルキューレ,けんしん,
ブルーベリー部屋,2026/04/26,18,,,,ブルーベリー,
なぎ部屋,2026/04/26,18,Color select,アニマエール!,神ノ木高校チアリーディング部,タニガワ,
芝ちゃん部屋,2026/04/26,18,【お隣の天使様にいつの間にか駄目人間にされていた件2】[うれしい!たのしい!大好き!][Ed][椎名真昼][アニメ][悠季](On-Off),,,加古,
crom部屋,2026/04/26,18,ラケナリアの夢,魔術師クノンは見えている OP,ヰ世界情緒,crom,
ゆーふうりん部屋,2026/04/26,17,いったん【ライブ映像 - 4th Live】,ラブライブ!蓮ノ空女学院スクールアイドルクラブ 6thシングル,蓮ノ空女学院スクールアイドルクラブ,セラス・柳田・リリエンフェルト,
ゆーふうりん部屋,2026/04/26,17,Dou-Da? DOING!【CDサイズ】,イキヅライブ!LOVELIVE! BLUEBIRD 2nd Single,いきづらい部,ゆーふうりん,
成田部屋,2026/04/26,17,不確定性☆COSMIC MOVEMENT【パート分け有り】,マクロスΔ(デルタ) IN 第3話、第4話、第17話,ワルキューレ,ひろえ,
ブルーベリー部屋,2026/04/26,17,【デュエル・マスターズ プレイス】 Evergreen ／ satella feat. 伊波杏樹 ※自然の守護者チュリン・テーマソング bb307 (On-Off),-,,虎ノ藤,
なぎ部屋,2026/04/26,17,LOVE for せんぱい!,アニマエール!,牛久花和(CV:白石晴香),なぎ,
芝ちゃん部屋,2026/04/26,17,UNDEAD(最終話反映),〈物語〉シリーズ オフ&モンスターシーズン ED,YOASOBI,cp,
crom部屋,2026/04/26,17,Last Inferno,伝説の勇者の伝説 OP 2,Ceui,エミ,
ゆーふうりん部屋,2026/04/26,16,"Hello, new dream!【ライブ映像 - 5th Live】",ラブライブ!蓮ノ空女学院スクールアイドルクラブ 3rdミニアルバム,蓮ノ空女学院スクールアイドルクラブ,大沢瑠璃乃,
ゆーふうりん部屋,2026/04/26,16,Dream Believers(B. G. P. Ver.)【Fes×Live映像】,ラブライブ!蓮ノ空女学院スクールアイドルクラブ 105期フィナーレ曲,蓮ノ空女学院スクールアイドルクラブ,ゆーふうりん,
成田部屋,2026/04/26,16,GIRAFFE BLUES【ver1.1・パート分け有り】,マクロスΔ(デルタ) IN 第7話,ワルキューレ,藤原,
ブルーベリー部屋,2026/04/26,16,,,,ブルーベリー,
なぎ部屋,2026/04/26,16,0987_とあるいつもを(OnV)【小森さんは断れない！／senya(幽閉サテライト)】,-,,うらけん,まんがタイム、ラスト！
芝ちゃん部屋,2026/04/26,16,【DIGIMON,GROOVE][Ed][iLiFE!][アニメ][悠季](On-Off),BEATBREAK】[(パート分け)BRAVE,ゆーき,自分は歌いにくいとこ行きますので歌える方お願いします
crom部屋,2026/04/26,16,【真夜中ハートチューン ED】 声の軌跡(cut&コーラス入-on) ／ Soala_けんちぃ_1170,,,crom,
ゆーふうりん部屋,2026/04/26,15,,,,小休止,
ゆーふうりん部屋,2026/04/26,15,"今、過去、未来の三原色【歌詞耳コピ,Fes×Live映像】",ラブライブ!蓮ノ空女学院スクールアイドルクラブ 105期フィナーレ曲,蓮ノ空女学院スクールアイドルクラブ,ゆーふうりん,
成田部屋,2026/04/26,15,アイ to アイ【本人映像】,新マクロス 超時空歌姫オーディション2025 課題曲,鈴木みのり,成田,
ブルーベリー部屋,2026/04/26,15,芽吹くとき,上伊那ぼたん、酔へる姿は百合の花 OP,yonige,けんちぃ,
なぎ部屋,2026/04/26,15,Eを探す日常【パート分け】,ご注文はうさぎですか? キャラクターソング,リゼ,あずき,
芝ちゃん部屋,2026/04/26,15,Spirit Inspiration,絶園のテンペスト Op,Nothing's Carved In Stone,芝ちゃん,
crom部屋,2026/04/26,15,花咲く道で【手嶌葵 MV】,ある魔女が死ぬまで ED,手嶌葵,エミ,
ゆーふうりん部屋,2026/04/26,14,【ライブ映像 - 5th Live】[蓮ノ空女学院スクールアイドルクラブ]チャーミングな花束を！_ラブライブ！蓮ノ空女学院スクールアイドルクラブ[8thシングル]_[3tr](Live-Off-CDOn),,,日野下花帆,ふらわ～～～
ゆーふうりん部屋,2026/04/26,14,Snow halation,ラブライブ! School idol project μ's2ndシングル,μ's,ゆーふうりん,
成田部屋,2026/04/26,14,LIGHT THE LIGHT,マクロス7,FIRE BOMBER,けんしん,
ブルーベリー部屋,2026/04/26,14,楽園PROJECT,To LOVEる -とらぶる- ダークネス OP,Ray,団長,
なぎ部屋,2026/04/26,14,【三者三葉】ZOKKON☆チェリーブロッサム/臼田桜(cv夏野菜緒),,,タニガワ,
芝ちゃん部屋,2026/04/26,14,【自動販売機に生まれ変わった俺は迷宮を彷徨う3rdseason】[ジハンキズム上げ直し][Op][ビバラッシュ][アニメ][悠季](On-Off),,,ヒロ,
crom部屋,2026/04/26,14,【ゴーストコンサート missing Songs】茨の道／オデッセウス(CV.寿美菜子)(on-UVRchorus-cut)※ED crm,,,crom,
ゆーふうりん部屋,2026/04/26,13,My Lucky Clover【ライブ映像 - 5th Live】,ラブライブ!蓮ノ空女学院スクールアイドルクラブ ユニット 6thシングル,スリーズブーケ,日野下花帆,
ゆーふうりん部屋,2026/04/26,13,雪舞う空と二秒の永遠【Fes×Live映像】,ラブライブ!蓮ノ空女学院スクールアイドルクラブ 105期 4th Term Fes×LIVE披露曲,蓮ノ空女学院スクールアイドルクラブ,ゆーふうりん,
成田部屋,2026/04/26,13,ワルキューレは裏切らない【パート有・マクロスデルタ】,劇場版マクロスΔ 激情のワルキューレ IN,ワルキューレ,ひろえ,
ブルーベリー部屋,2026/04/26,13,ポケモンオールスターズ1025 (213/1025),ポケモンオールスターズ1025 (213/1025),オーイシマサヨシ,けんちぃ,よろしく
なぎ部屋,2026/04/26,13,じゅんぱくいろシクラメン,ハロー!!きんいろモザイク,アリス・カータレット (CV:田中真奈美),なぎ,
芝ちゃん部屋,2026/04/26,13,gifted,ゴーストコンサート missing Songs In,相葉芹亜(CV:藤寺美徳)&ニコラ・テスラ(CV:佐々木崇),加古,
crom部屋,2026/04/26,13,その瞳で【2025 日本語吹替版 ED 編集版】,ある日、お姫様になってしまった件について,XAI,エミ,
ゆーふうりん部屋,2026/04/26,12,Edelied【Fes×Live映像】,ラブライブ!蓮ノ空女学院スクールアイドルクラブ 2024年度ラブライブ!決勝プレーオフ披露曲,Edel Note(瑞河女子高等学校),桂城泉,
ゆーふうりん部屋,2026/04/26,12,一生に夢が咲くように【Fes×Rec:Live映像】,ラブライブ!蓮ノ空女学院スクールアイドルクラブ 105期10月度 Fes×Rec:Live披露曲,蓮ノ空女学院スクールアイドルクラブ,ゆーふうりん,
成田部屋,2026/04/26,12,[マクロスF]妖精(シェリル・ノーム starring May'n)(On-Semi-Mvc-Cut),-,,藤原,
ブルーベリー部屋,2026/04/26,12,メルト CPK! Remix (かぐや ver.),超かぐや姫,かぐや(CV:夏吉ゆうこ),団長,
なぎ部屋,2026/04/26,12,ケサランパサラン(パート分け),レーカン!,every♡ing!,うらけん,当然、続けてコレです！
芝ちゃん部屋,2026/04/26,12,You May Dream,プリティーリズム・オーロラドリーム,,cp,
crom部屋,2026/04/26,12,【ゴーストコンサート：missing Songs OP】 業魂REQUIEMER(cut&コーラス入-on) ／ 相葉芹亜(CV.藤寺美徳)_けんちぃ_1209,,,crom,
ゆーふうりん部屋,2026/04/26,11,ニャオシグニャル【Fes×Rec:Live映像】,ラブライブ!蓮ノ空女学院スクールアイドルクラブ ユニット5thシングル,みらくらぱーく!,安養寺姫芽,
ゆーふうりん部屋,2026/04/26,11,Boooooom Boooooom Bee!!【ライブ映像 FLOWER MUSIC LIVE】,ラブライブ! 虹ヶ咲学園スクールアイドル同好会 NIJIGAKU FLOWER MUSIC,虹ヶ咲学園スクールアイドル同好会,ゆーふうりん,
成田部屋,2026/04/26,11,マクロス(リニューアル映像ver.),超時空要塞マクロス,藤原誠,成田,
ブルーベリー部屋,2026/04/26,11,【日本三國】 [OP] 火種／キタニタツヤ ※bb300 (On-Off),-,,ブルーベリー,テスト
なぎ部屋,2026/04/26,11,麗しのShooting star,,,あずき,
芝ちゃん部屋,2026/04/26,11,ノンシナリオ・エチュード,彼女、お借りします 第5期 OP,雨宮天,ゆーき,
crom部屋,2026/04/26,11,トワイライト【shallm MV】,阿波連さんははかれない season2 ED,shallm,エミ,
ゆーふうりん部屋,2026/04/26,10,Celebration!【Fes×Live映像】,ラブライブ!蓮ノ空女学院スクールアイドルクラブ 105期Opening Fes×Live披露曲,スリーズブーケ,日野下花帆,
ゆーふうりん部屋,2026/04/26,10,REGAIN AGAIN LLLLOVE【ライブ映像 - 1stライブ】,イキヅライブ!LOVELIVE! BLUEBIRD 2nd Single,いきづらい部,ゆーふうりん,
成田部屋,2026/04/26,10,ワルキューレがとまらない,マクロスΔ(デルタ) IM,ワルキューレ,けんしん,
ブルーベリー部屋,2026/04/26,10,【ガールズバンドクライ】 [IN] 視界の隅　朽ちる音／トゲナシトゲアリ (キーボード入りバージョンなので)　※ライブ映像from 5th ONE-MAN LIVE “鳴動の刻” bb308 (On-Off),-,,ブルーベリー,
なぎ部屋,2026/04/26,10,みんなありがと。／一之瀬花名(近藤玲奈),,,タニガワ,
芝ちゃん部屋,2026/04/26,10,僕たちの歌,絶園のテンペスト Ed,佐香智久,芝ちゃん,
crom部屋,2026/04/26,10,【逃がした魚は大きかったが釣りあげた魚が大きすぎた件 OP】 誓いはキュンと。(cut&コーラス入-off-on) ／ HoneyWorks feat.鈴木愛理_けんちぃ_1202,,,crom,
ゆーふうりん部屋,2026/04/26,9,部屋移動タイム,,,小休止,部屋移動タイム
ゆーふうりん部屋,2026/04/26,9,Believe,DANCING BLADE かってに桃天使! OP,桑島法子,ゆーふうりん,
成田部屋,2026/04/26,9,涙目爆発音【パート分け有り】,マクロスΔ(デルタ) IN 第21話,ワルキューレ,ひろえ,
ブルーベリー部屋,2026/04/26,9,【オタクに優しいギャルはいない】 [OP] HIDE AND SEEK ／ i-dle ※パート分け無し暫定 bb312 (On-Off),-,,ブルーベリー,テスト
なぎ部屋,2026/04/26,9,BUG! BUG! SURVIVAL!(パート分け),NEW GAME!,桜ねね(朝日奈丸佳)&阿波根うみこ(森永千才),なぎ,もし歌える方いましたら…!!
芝ちゃん部屋,2026/04/26,9,204号室,彼女、お借りします 第5期 ED,なきごと,ヒロ,
crom部屋,2026/04/26,9,高鳴る,緋色の欠片 第二章 OP,藤田麻衣子,エミ,
ゆーふうりん部屋,2026/04/26,8,KEY of Like!【リリックビデオ】,ラブライブ!蓮ノ空女学院スクールアイドルクラブ 2024年ラブライブ!北陸地方大会エントリー曲,スリーズブーケ&DOLLCHESTRA&みらくらぱーく,藤島慈,
ゆーふうりん部屋,2026/04/26,8,ガランドFlash【Fes×Live映像】,ラブライブ!蓮ノ空女学院スクールアイドルクラブ 105期 4th Term Fes×LIVE披露曲,DOLLCHESTRA,ゆーふうりん,
成田部屋,2026/04/26,8,Glow in the dark【《歌マクロス映像》パート有】,劇場版マクロスΔ 絶対LIVE!!!!!! IN,"闇雲(CV:JUNNA),闇カナメ(CV:安野希世乃),闇レイナ(CV:東山奈央)",藤原,元気なうちに長いやつを…
ブルーベリー部屋,2026/04/26,8,【オタクに優しいギャルはいない】 [OP] HIDE AND SEEK ／ i-dle ※パート分け無し暫定 bb312 (On-Off),-,,ブルーベリー,テスト
なぎ部屋,2026/04/26,8,Shining Sky(パート分け),大家さんは思春期!,every♡ing!,うらけん,先にevery▽ing！、失礼いたします！。
芝ちゃん部屋,2026/04/26,8,Make Me Wonder,ダーウィン事変 OP,Official髭男dism,加古,
crom部屋,2026/04/26,8,幻想曲(アラベスク)を君に,SI-VIS:The Sound of Heroes 第3話挿入歌,SI-VIS,crom,
ゆーふうりん部屋,2026/04/26,7,Link to the FUTURE(104期Ver.)【4k 吟子Focus】,ラブライブ!蓮ノ空女学院スクールアイドルクラブ 2024年ラブライブ!地区予選エントリー曲,スリーズブーケ&DOLLCHESTRA&みらくらぱーく,百生吟子,
ゆーふうりん部屋,2026/04/26,7,What is my LIFE?,イキヅライブ!LOVELIVE! BLUEBIRD 1stシングル,いきづらい部,ゆーふうりん,
成田部屋,2026/04/26,7,スキンズ【アニメ映像ver1.0・1話+番宣映像】,Dr.STONE OP8,ASIAN KUNG-FU GENERATION,成田,マクロスじゃないw最初は喉に優しそうな曲からw
ブルーベリー部屋,2026/04/26,7,【姫騎士は蛮族の嫁】 [ED] シルベキコト／sajou no hana ※bb306 (On-Off),-,,ブルーベリー,
なぎ部屋,2026/04/26,7,カフェインファイター,ご注文はうさぎですか?,,あずき,
芝ちゃん部屋,2026/04/26,7,moment,機動戦士ガンダムSEED OP 2,Vivian or Kazuma,cp,
crom部屋,2026/04/26,7,"My Soul,Your Beats!",Angel Beats! OP 1,Lia,エミ,
ゆーふうりん部屋,2026/04/26,6,Holiday∞Holiday【リリックビデオ映像】,ラブライブ!蓮ノ空女学院スクールアイドルクラブ 103期5月度Fes×LIVE楽曲,スリーズブーケ,乙宗梢,
ゆーふうりん部屋,2026/04/26,6,北風 〜君にとどきますように〜,,,ゆーふうりん,
成田部屋,2026/04/26,6,放課後オーバーフロウ,マクロスF 恋離飛翼～サヨナラノツバサ～,中島愛,けんしん,よろしくお願いします。
ブルーベリー部屋,2026/04/26,6,【デュエル・マスターズ プレイス】 Evergreen ／ satella feat. 伊波杏樹 ※自然の守護者チュリン・テーマソング bb307 (On-Off),-,,ブルーベリー,テスト
なぎ部屋,2026/04/26,6,魔法少女チノ,ご注文はうさぎですか??,チノ(水瀬いのり),タニガワ,
芝ちゃん部屋,2026/04/26,6,サブマリンユース,クラスで2番目に可愛い女の子と友だちになった OP,reGretGirl,ゆーき,作成ありがとうございます！
crom部屋,2026/04/26,6,MELODEA【_MV版】,SI-VIS:The Sound of Heroes 挿入歌,SI-VIS,crom,
ゆーふうりん部屋,2026/04/26,5,KNOT【103期10月度Fes×Live映像】,ラブライブ!蓮ノ空女学院スクールアイドルクラブ ラブライブ!地区予選エントリー曲,DOLLCHESTRA,村野さやか,ちぇすとー
ゆーふうりん部屋,2026/04/26,5,チャーミングな花束を!【ライブ映像 - 5th Live】,ラブライブ!蓮ノ空女学院スクールアイドルクラブ 8thシングル,蓮ノ空女学院スクールアイドルクラブ,ゆーふうりん,
成田部屋,2026/04/26,5,ルンに花咲く恋もある【歌マクロス映像・パート分け有・マクロスデルタ】,劇場版マクロスΔ 絶対LIVE!!!!!! IM,ワルキューレ,ひろえ,
ブルーベリー部屋,2026/04/26,5,【ガールズバンドクライ】 [IN] 視界の隅　朽ちる音／トゲナシトゲアリ (キーボード入りバージョンなので)　※ライブ映像from 5th ONE-MAN LIVE “鳴動の刻” bb308 (On-Off),-,,ブルーベリー,テスト
なぎ部屋,2026/04/26,5,花ハ踊レヤいろはにほ(Ver3)(パート分け),ハナヤマタ,チーム”ハナヤマタ”,なぎ,よろしくお願いします！
芝ちゃん部屋,2026/04/26,5,団地妻の誘惑Part2【完全デレギュラ版】,インゴクダンチ Tm,miko,芝ちゃん,
crom部屋,2026/04/26,5,【Rewrite】Philosophyz／水谷瑠奈【off Vocal】,-,,エミ,
ゆーふうりん部屋,2026/04/26,4,BANG YOU グラビティ【大補習まつり Day2昼】,ラブライブ!蓮ノ空女学院スクールアイドルクラブ みらくらぱーく! 2ndシングル,みらくらぱーく!,大沢瑠璃乃,
ゆーふうりん部屋,2026/04/26,4,Elder flower_大西亜玖璃_精霊幻想記(OFF_ON),,,ゆーふうりん,
成田部屋,2026/04/26,4,リーベ～幻の光【youtube動画使用】,マクロスF IM,シェリル・ノーム(CV:May'n),藤原,
ブルーベリー部屋,2026/04/26,4,【キルアオ】 [OP] ATTITUDE ／ aespa ※漫画MVもちょいプラス　bb309 (On-Off),-,,ブルーベリー,テスト
なぎ部屋,2026/04/26,4,P3495_【恋愛ラボ】恋愛したいっ！（Ver3）（パート分け）／藤女生徒会執行部［on-cut］,-,,うらけん,実は1番好きな作品です！
芝ちゃん部屋,2026/04/26,4,リフレイン【第3話まで】,最遊記RELOAD BLAST ED,ラックライフ,ヒロ,
crom部屋,2026/04/26,4,Reincarnation,無職の英雄 ～別にスキルなんか要らなかったんだが～ OP,花耶,crom,
ゆーふうりん部屋,2026/04/26,3,Pleasure Feather【103期2月度Fes×Live映像】,ラブライブ!蓮ノ空女学院スクールアイドルクラブ 103期2月度Fes×LIVE楽曲,蓮ノ休日,乙宗梢,
ゆーふうりん部屋,2026/04/26,3,にじいろ☆ルミエール,ラブライブ! 虹ヶ咲学園スクールアイドル同好会 NIJIGAKU Monthly Songs♪4月度シングル,中須かすみ,ゆーふうりん,
成田部屋,2026/04/26,3,一度だけの恋なら(On-Semi-Mvc-Cut)※パート分け有り,マクロスΔ(デルタ),ワルキューレ,成田,
ブルーベリー部屋,2026/04/26,3,ナディアのテーマ No.6,ふしぎの海のナディア 挿入曲カバー,独立原野党 with 杉並児童合唱団,ブルーベリー,テスト
なぎ部屋,2026/04/26,3,0437_YAHHO!!_かなめもVer.(OnV),-,,あずき,
芝ちゃん部屋,2026/04/26,3,透明,FateGrand Order -神聖円卓領域キャメロット- OP,宮野真守,加古,
crom部屋,2026/04/26,3,躍動,FateGrand Order OP,坂本真綾,crom,
ゆーふうりん部屋,2026/04/26,2,Runway【歌詞耳コピ】,ラブライブ!蓮ノ空女学院スクールアイドルクラブ 103期10月度Fes×LIVE楽曲,村野さやか,村野さやか,
ゆーふうりん部屋,2026/04/26,2,far away,悠久幻想曲 OP,かないみか,ゆーふうりん,
成田部屋,2026/04/26,2,シャボン・テンション!!【アニメ映像 ・パート分け有り】,前橋ウィッチーズ IN,前橋ウィッチーズ,test,
ブルーベリー部屋,2026/04/26,2,【霧尾ファンクラブ】 [OP] FANCLUB ／ Skirt & ODD Foot Works ※パート分け無し暫定 bb311 (On-Off),-,,ブルーベリー,テスト
なぎ部屋,2026/04/26,2,Ciao Ciao,一畳間まんきつ暮らし,Sophià la Mode,タニガワ,
芝ちゃん部屋,2026/04/26,2,【上伊那ぼたん、酔へる姿は百合の花】 [OP] 芽吹くとき／yonige bb 298 (On-Off),,,ゆーき,よろしくお願いします！
crom部屋,2026/04/26,2,薫る花は凛と咲く OP_まなざしは光_キタニタツヤ_2CH,-,,crom,
ゆーふうりん部屋,2026/04/26,1,AURORA FLOWER【ライブ映像 - 5th Live】,ラブライブ!蓮ノ空女学院スクールアイドルクラブ 5th Live Spade Stage 披露曲,Edel Note,セラス・柳田・リリエンフェルト,
ゆーふうりん部屋,2026/04/26,1,不思議と君とライブラリー(B. G. P. Ver.)【Fes×Live映像】,ラブライブ!蓮ノ空女学院スクールアイドルクラブ 105期 Final Term Fes×LIVE披露曲,スリーズブーケ,ゆーふうりん,
成田部屋,2026/04/26,1,You Are My World【アニメ映像・パート分け有り】,前橋ウィッチーズ IN,前橋ウィッチーズ,test,
ブルーベリー部屋,2026/04/26,1,【オタクに優しいギャルはいない】 [OP] HIDE AND SEEK ／ i-dle ※パート分け無し暫定 bb312 (On-Off),-,,ブルーベリー,テスト
なぎ部屋,2026/04/26,1,ワクワクシークヮーサー,はるかなレシーブ,大城あかり(CV:木村千咲),test,
芝ちゃん部屋,2026/04/26,1,コンギョ,コンギョ,伊恵英,芝ちゃん,
crom部屋,2026/04/26,1,【機動戦士ガンダム00劇場版】クオリア／UVERworld【on-off2tr】 Off追加,-,,crom,
